player_id,player_name,format,matches,innings,runs,balls_faced,highest_score,average,strike_rate,not_out,fours,sixes,fifty_plus,hundreds,double_hundreds,high_score,avg,fifties,ducks
11808,Shubman Gill,Test,37,69,2647,4309.0,269.0,41.36,61.43,5,295,43,7.0,9,1.0,,,,
11808,Shubman Gill,ODI,55,55,2775,2787.0,208.0,59.04,99.57,8,314,59,15.0,8,1.0,,,,
11808,Shubman Gill,T20,22,22,598,424.0,126.0,31.47,141.04,3,62,23,3.0,1,0.0,,,,
11808,Shubman Gill,IPL,118,115,3866,2787.0,129.0,39.45,138.72,17,372,119,26.0,4,0.0,,,,
13940,Yashasvi Jaiswal,Test,24,46,2209,3336.0,214.0,50.2,66.22,2,270,43,12.0,6,2.0,,,,
13940,Yashasvi Jaiswal,ODI,1,1,15,22.0,15.0,15.0,68.19,0,3,0,0.0,0,0.0,,,,
13940,Yashasvi Jaiswal,T20,23,22,723,440.0,100.0,36.15,164.32,2,82,38,5.0,1,0.0,,,,
13940,Yashasvi Jaiswal,IPL,66,66,2166,1417.0,124.0,34.38,152.86,3,258,92,15.0,2,0.0,,,,
13866,Sai Sudharsan,Test,3,6,140,341.0,61.0,23.33,41.06,0,18,0,1.0,0,0.0,,,,
13866,Sai Sudharsan,ODI,3,3,127,142.0,62.0,63.5,89.44,1,17,1,2.0,0,0.0,,,,
13866,Sai Sudharsan,T20,1,0,0,0.0,0.0,0.0,0.0,0,0,0,0.0,0,0.0,,,,
13866,Sai Sudharsan,IPL,40,40,1793,1229.0,108.0,49.81,145.9,4,183,52,12.0,2,0.0,,,,
576,Rohit Sharma,Test,67,116,4301,7538.0,212.0,40.58,57.06,10,473,88,18.0,12,1.0,,,,
576,Rohit Sharma,ODI,273,265,11168,12034.0,264.0,48.77,92.81,36,1044,344,58.0,32,3.0,,,,
576,Rohit Sharma,T20,159,151,4231,3003.0,121.0,31.34,140.9,16,383,205,32.0,5,0.0,,,,
576,Rohit Sharma,IPL,272,267,7046,5334.0,109.0,29.73,132.1,30,640,302,47.0,2,0.0,,,,
1413,Virat Kohli,Test,123,210,9230,16608.0,254.0,46.85,55.58,13,1027,30,31.0,30,7.0,,,,
1413,Virat Kohli,ODI,302,290,14181,15192.0,183.0,57.88,93.35,45,1325,153,74.0,51,0.0,,,,
1413,Virat Kohli,T20,125,117,4188,3056.0,122.0,48.7,137.05,31,369,124,38.0,1,0.0,,,,
1413,Virat Kohli,IPL,267,259,8661,6519.0,113.0,39.55,132.86,40,771,291,63.0,8,0.0,,,,
7915,Suryakumar Yadav,Test,1,1,8,20.0,8.0,8.0,40.0,0,1,0,0.0,0,0.0,,,,
7915,Suryakumar Yadav,ODI,37,35,773,736.0,72.0,25.77,105.03,5,80,19,4.0,0,0.0,,,,
7915,Suryakumar Yadav,T20,84,80,2605,1557.0,117.0,38.31,167.31,12,237,147,21.0,4,0.0,,,,
7915,Suryakumar Yadav,IPL,166,151,4311,2900.0,103.0,35.05,148.66,28,454,168,29.0,2,0.0,,,,
9428,Shreyas Iyer,Test,14,24,811,1287.0,105.0,36.86,63.02,2,94,16,5.0,1,0.0,,,,
9428,Shreyas Iyer,ODI,70,65,2845,2845.0,128.0,48.22,100.0,6,262,72,22.0,5,0.0,,,,
9428,Shreyas Iyer,T20,51,47,1104,811.0,74.0,30.67,136.13,11,90,44,8.0,0,0.0,,,,
9428,Shreyas Iyer,IPL,132,132,3731,2798.0,97.0,34.23,133.35,23,314,152,27.0,0,0.0,,,,
10896,Rinku Singh,Test,0,0,0,0.0,0.0,0.0,0.0,0,0,0,0.0,0,0.0,,,,
10896,Rinku Singh,ODI,2,2,55,41.0,38.0,27.5,134.15,0,5,3,0.0,0,0.0,,,,
10896,Rinku Singh,T20,33,24,546,339.0,69.0,42.0,161.07,11,45,31,3.0,0,0.0,,,,
10896,Rinku Singh,IPL,58,51,1099,757.0,67.0,30.53,145.18,15,87,56,4.0,0,0.0,,,,
14504,Tilak Varma,Test,0,0,0,0.0,0.0,0.0,0.0,0,0,0,0.0,0,0.0,,,,
14504,Tilak Varma,ODI,4,4,68,119.0,52.0,22.67,57.15,1,6,1,1.0,0,0.0,,,,
14504,Tilak Varma,T20,26,24,749,483.0,120.0,49.93,155.08,9,61,43,3.0,2,0.0,,,,
14504,Tilak Varma,IPL,54,51,1499,1038.0,84.0,37.48,144.42,11,113,74,8.0,0,0.0,,,,
11813,Ruturaj Gaikwad,Test,0,0,0,0.0,0.0,0.0,0.0,0,0,0,0.0,0,0.0,,,,
11813,Ruturaj Gaikwad,ODI,6,6,115,157.0,71.0,19.17,73.25,0,16,0,1.0,0,0.0,,,,
11813,Ruturaj Gaikwad,T20,23,20,633,441.0,123.0,39.56,143.54,4,65,24,4.0,1,0.0,,,,
11813,Ruturaj Gaikwad,IPL,71,70,2502,1820.0,108.0,40.35,137.48,8,231,95,20.0,2,0.0,,,,
10636,Rajat Patidar,Test,3,6,63,164.0,32.0,10.5,38.42,0,9,0,0.0,0,0.0,,,,
10636,Rajat Patidar,ODI,1,1,22,16.0,22.0,22.0,137.5,0,3,1,0.0,0,0.0,,,,
10636,Rajat Patidar,T20,0,0,0,0.0,0.0,0.0,0.0,0,0,0,0.0,0,0.0,,,,
10636,Rajat Patidar,IPL,42,38,1111,720.0,112.0,30.86,154.31,2,76,68,9.0,1,0.0,,,,
9429,Sarfaraz Khan,Test,6,11,371,495.0,150.0,37.1,74.95,1,44,8,3.0,1,0.0,,,,
9429,Sarfaraz Khan,ODI,0,0,0,0.0,0.0,0.0,0.0,0,0,0,0.0,0,0.0,,,,
9429,Sarfaraz Khan,T20,0,0,0,0.0,0.0,0.0,0.0,0,0,0,0.0,0,0.0,,,,
9429,Sarfaraz Khan,IPL,50,37,585,448.0,67.0,22.5,130.59,11,63,14,1.0,0,0.0,,,,
9716,Abhimanyu Easwaran,Test,0,0,0,0.0,0.0,0.0,0.0,0,0,0,0.0,0,0.0,,,,
9716,Abhimanyu Easwaran,ODI,0,0,0,0.0,0.0,0.0,0.0,0,0,0,0.0,0,0.0,,,,
9716,Abhimanyu Easwaran,T20,0,0,0,0.0,0.0,0.0,0.0,0,0,0,0.0,0,0.0,,,,
9716,Abhimanyu Easwaran,IPL,0,0,0,0.0,0.0,0.0,0.0,0,0,0,0.0,0,0.0,,,,
8257,Karun Nair,Test,10,15,579,896.0,303.0,41.36,64.63,1,70,4,1.0,1,1.0,,,,
8257,Karun Nair,ODI,2,2,46,88.0,39.0,23.0,52.28,0,6,0,0.0,0,0.0,,,,
8257,Karun Nair,T20,0,0,0,0.0,0.0,0.0,0.0,0,0,0,0.0,0,0.0,,,,
8257,Karun Nair,IPL,84,76,1694,1286.0,89.0,23.86,131.73,5,185,49,11.0,0,0.0,,,,
8364,Imam-ul-Haq,Test,24,46,1568,3404.0,157.0,37.33,46.07,4,170,12,9.0,3,0.0,,,,
8364,Imam-ul-Haq,ODI,75,74,3152,3846.0,151.0,46.35,81.96,6,253,30,20.0,9,0.0,,,,
8364,Imam-ul-Haq,T20,2,2,21,25.0,14.0,10.5,84.0,0,2,0,0.0,0,0.0,,,,
8364,Imam-ul-Haq,IPL,0,0,0,0.0,0.0,0.0,0.0,0,0,0,0.0,0,0.0,,,,
15847,Muhammad Hurraira,Test,2,4,46,95.0,29.0,11.5,48.43,0,4,0,0.0,0,0.0,,,,
15847,Muhammad Hurraira,ODI,0,0,0,0.0,0.0,0.0,0.0,0,0,0,0.0,0,0.0,,,,
15847,Muhammad Hurraira,T20,0,0,0,0.0,0.0,0.0,0.0,0,0,0,0.0,0,0.0,,,,
15847,Muhammad Hurraira,IPL,0,0,0,0.0,0.0,0.0,0.0,0,0,0,0.0,0,0.0,,,,
8359,Babar Azam,Test,59,108,4235,7787.0,196.0,42.78,54.39,9,495,23,29.0,9,0.0,,,,
8359,Babar Azam,ODI,134,131,6291,7179.0,158.0,54.23,87.64,15,580,68,37.0,19,0.0,,,,
8359,Babar Azam,T20,128,121,4223,3268.0,122.0,39.84,129.23,15,447,73,36.0,3,0.0,,,,
8359,Babar Azam,IPL,0,0,0,0.0,0.0,0.0,0.0,0,0,0,0.0,0,0.0,,,,
9545,Shan Masood,Test,42,80,2380,4539.0,156.0,30.13,52.44,1,232,21,11.0,6,0.0,,,,
9545,Shan Masood,ODI,9,9,163,234.0,50.0,18.11,69.66,0,19,0,1.0,0,0.0,,,,
9545,Shan Masood,T20,19,17,396,324.0,66.0,30.46,122.23,4,30,7,3.0,0,0.0,,,,
9545,Shan Masood,IPL,0,0,0,0.0,0.0,0.0,0.0,0,0,0,0.0,0,0.0,,,,
14241,Saim Ayub,Test,8,14,364,657.0,77.0,26.0,55.41,0,38,4,3.0,0,0.0,,,,
14241,Saim Ayub,ODI,12,12,543,534.0,113.0,49.36,101.69,1,63,17,1.0,3,0.0,,,,
14241,Saim Ayub,T20,41,39,816,598.0,98.0,22.05,136.46,2,86,36,4.0,0,0.0,,,,
14241,Saim Ayub,IPL,0,0,0,0.0,0.0,0.0,0.0,0,0,0,0.0,0,0.0,,,,
10863,Fakhar Zaman,Test,3,6,192,359.0,94.0,32.0,53.49,0,20,1,2.0,0,0.0,,,,
10863,Fakhar Zaman,ODI,86,85,3651,3890.0,210.0,46.22,93.86,6,409,79,17.0,11,1.0,,,,
10863,Fakhar Zaman,T20,102,94,2104,1591.0,91.0,23.38,132.25,4,200,83,12.0,0,0.0,,,,
10863,Fakhar Zaman,IPL,0,0,0,0.0,0.0,0.0,0.0,0,0,0,0.0,0,0.0,,,,
12565,Khushdil Shah,Test,0,0,0,0.0,0.0,0.0,0.0,0,0,0,0.0,0,0.0,,,,
12565,Khushdil Shah,ODI,15,12,328,334.0,69.0,32.8,98.21,2,25,10,1.0,0,0.0,,,,
12565,Khushdil Shah,T20,37,32,430,411.0,36.0,17.92,104.63,8,27,20,0.0,0,0.0,,,,
12565,Khushdil Shah,IPL,0,0,0,0.0,0.0,0.0,0.0,0,0,0,0.0,0,0.0,,,,
41113,Hasan Nawaz,Test,0,0,0,0.0,0.0,0.0,0.0,0,0,0,0.0,0,0.0,,,,
41113,Hasan Nawaz,ODI,3,3,112,124.0,63.0,112.0,90.33,2,5,6,1.0,0,0.0,,,,
41113,Hasan Nawaz,T20,19,19,432,258.0,105.0,25.41,167.45,2,23,34,2.0,1,0.0,,,,
41113,Hasan Nawaz,IPL,0,0,0,0.0,0.0,0.0,0.0,0,0,0,0.0,0,0.0,,,,
12139,Abdullah Shafique,Test,22,42,1504,3405.0,201.0,38.56,44.18,3,145,20,5.0,5,1.0,,,,
12139,Abdullah Shafique,ODI,27,27,737,944.0,113.0,29.48,78.08,2,67,19,6.0,1,0.0,,,,
12139,Abdullah Shafique,T20,6,6,64,53.0,41.0,12.8,120.76,1,5,3,0.0,0,0.0,,,,
12139,Abdullah Shafique,IPL,0,0,0,0.0,0.0,0.0,0.0,0,0,0,0.0,0,0.0,,,,
37572,Tayyab Tahir,Test,0,0,0,0.0,0.0,0.0,0.0,0,0,0,0.0,0,0.0,,,,
37572,Tayyab Tahir,ODI,11,10,181,177.0,38.0,22.63,102.26,2,18,3,0.0,0,0.0,,,,
37572,Tayyab Tahir,T20,8,7,123,104.0,39.0,20.5,118.27,1,12,3,0.0,0,0.0,,,,
37572,Tayyab Tahir,IPL,0,0,0,0.0,0.0,0.0,0.0,0,0,0,0.0,0,0.0,,,,
13239,Omair Yousuf,Test,0,0,0,0.0,0.0,0.0,0.0,0,0,0,0.0,0,0.0,,,,
13239,Omair Yousuf,ODI,0,0,0,0.0,0.0,0.0,0.0,0,0,0,0.0,0,0.0,,,,
13239,Omair Yousuf,T20,7,7,91,83.0,24.0,18.2,109.64,2,8,3,0.0,0,0.0,,,,
13239,Omair Yousuf,IPL,0,0,0,0.0,0.0,0.0,0.0,0,0,0,0.0,0,0.0,,,,
1433121,Abdul Samad,Test,0,0,0,0.0,0.0,0.0,0.0,0,0,0,0.0,0,0.0,,,,
1433121,Abdul Samad,ODI,0,0,0,0.0,0.0,0.0,0.0,0,0,0,0.0,0,0.0,,,,
1433121,Abdul Samad,T20,5,4,66,58.0,44.0,16.5,113.8,0,4,3,0.0,0,0.0,,,,
1433121,Abdul Samad,IPL,0,0,0,0.0,0.0,0.0,0.0,0,0,0,0.0,0,0.0,,,,
2250,Steven Smith,Test,119,212,10477,19517.0,239.0,56.03,53.69,25,1143,62,43.0,36,4.0,,,,
2250,Steven Smith,ODI,170,154,5800,6669.0,164.0,43.28,86.97,20,521,58,35.0,12,0.0,,,,
2250,Steven Smith,T20,67,55,1094,872.0,90.0,24.86,125.46,11,96,26,5.0,0,0.0,,,,
2250,Steven Smith,IPL,103,93,2485,1940.0,101.0,34.51,128.1,21,225,60,11.0,1,0.0,,,,
10182,Marnus Labuschagne,Test,58,104,4435,8583.0,215.0,46.2,51.68,8,493,12,23.0,11,2.0,,,,
10182,Marnus Labuschagne,ODI,66,58,1871,2239.0,124.0,34.65,83.57,4,154,10,12.0,2,0.0,,,,
10182,Marnus Labuschagne,T20,1,1,2,4.0,2.0,2.0,50.0,0,0,0,0.0,0,0.0,,,,
10182,Marnus Labuschagne,IPL,0,0,0,0.0,0.0,0.0,0.0,0,0,0,0.0,0,0.0,,,,
8497,Travis Head,Test,60,101,3963,5856.0,175.0,41.72,67.68,6,485,32,20.0,9,0.0,,,,
8497,Travis Head,ODI,76,73,2942,2774.0,154.0,43.91,106.06,6,339,72,17.0,7,0.0,,,,
8497,Travis Head,T20,41,40,1119,714.0,91.0,31.08,156.73,4,118,53,5.0,0,0.0,,,,
8497,Travis Head,IPL,38,37,1146,674.0,102.0,34.73,170.03,4,126,55,8.0,1,0.0,,,,
6635,Usman Khawaja,Test,84,152,6053,12464.0,232.0,43.55,48.57,13,645,28,27.0,16,1.0,,,,
6635,Usman Khawaja,ODI,40,39,1554,1848.0,104.0,42.0,84.1,2,150,13,12.0,2,0.0,,,,
6635,Usman Khawaja,T20,9,9,241,182.0,58.0,26.78,132.42,0,31,5,1.0,0,0.0,,,,
6635,Usman Khawaja,IPL,6,6,127,100.0,30.0,21.17,127.0,0,14,3,0.0,0,0.0,,,,
9456,Matthew Short,Test,0,0,0,0.0,0.0,0.0,0.0,0,0,0,0.0,0,0.0,,,,
9456,Matthew Short,ODI,15,13,280,285.0,63.0,21.54,98.25,0,31,9,2.0,0,0.0,,,,
9456,Matthew Short,T20,14,13,293,179.0,66.0,22.54,163.69,0,29,15,1.0,0,0.0,,,,
9456,Matthew Short,IPL,6,6,117,92.0,36.0,19.5,127.18,0,15,4,0.0,0,0.0,,,,
13682,Pathum Nissanka,Test,18,31,1305,2299.0,187.0,45.0,56.77,2,150,5,7.0,4,0.0,,,,
13682,Pathum Nissanka,ODI,71,71,2746,3074.0,210.0,41.61,89.33,5,347,32,17.0,7,1.0,,,,
13682,Pathum Nissanka,T20,68,67,1950,1584.0,90.0,30.0,123.11,2,202,48,15.0,0,0.0,,,,
13682,Pathum Nissanka,IPL,0,0,0,0.0,0.0,0.0,0.0,0,0,0,0.0,0,0.0,,,,
15081,Pavan Rathnayake,Test,0,0,0,0.0,0.0,0.0,0.0,0,0,0,0.0,0,0.0,,,,
15081,Pavan Rathnayake,ODI,0,0,0,0.0,0.0,0.0,0.0,0,0,0,0.0,0,0.0,,,,
15081,Pavan Rathnayake,T20,0,0,0,0.0,0.0,0.0,0.0,0,0,0,0.0,0,0.0,,,,
15081,Pavan Rathnayake,IPL,0,0,0,0.0,0.0,0.0,0.0,0,0,0,0.0,0,0.0,,,,
11545,Oshada Fernando,Test,22,39,1104,2224.0,102.0,31.54,49.65,4,127,11,7.0,1,0.0,,,,
11545,Oshada Fernando,ODI,8,8,148,230.0,49.0,18.5,64.35,0,15,3,0.0,0,0.0,,,,
11545,Oshada Fernando,T20,7,6,128,114.0,78.0,25.6,112.29,1,11,4,1.0,0,0.0,,,,
11545,Oshada Fernando,IPL,0,0,0,0.0,0.0,0.0,0.0,0,0,0,0.0,0,0.0,,,,
13884,Pasindu Sooriyabandara,Test,0,0,0,0.0,0.0,0.0,0.0,0,0,0,0.0,0,0.0,,,,
13884,Pasindu Sooriyabandara,ODI,0,0,0,0.0,0.0,0.0,0.0,0,0,0,0.0,0,0.0,,,,
13884,Pasindu Sooriyabandara,T20,0,0,0,0.0,0.0,0.0,0.0,0,0,0,0.0,0,0.0,,,,
13884,Pasindu Sooriyabandara,IPL,0,0,0,0.0,0.0,0.0,0.0,0,0,0,0.0,0,0.0,,,,
10939,Avishka Fernando,Test,0,0,0,0.0,0.0,0.0,0.0,0,0,0,0.0,0,0.0,,,,
10939,Avishka Fernando,ODI,51,50,1589,1787.0,127.0,31.78,88.92,0,165,31,9.0,4,0.0,,,,
10939,Avishka Fernando,T20,39,37,376,408.0,37.0,11.06,92.16,3,28,8,0.0,0,0.0,,,,
10939,Avishka Fernando,IPL,0,0,0,0.0,0.0,0.0,0.0,0,0,0,0.0,0,0.0,,,,
13187,Nuwanidu Fernando,Test,0,0,0,0.0,0.0,0.0,0.0,0,0,0,0.0,0,0.0,,,,
13187,Nuwanidu Fernando,ODI,6,5,89,132.0,50.0,17.8,67.43,0,12,0,1.0,0,0.0,,,,
13187,Nuwanidu Fernando,T20,3,3,13,20.0,7.0,4.33,65.0,0,1,0,0.0,0,0.0,,,,
13187,Nuwanidu Fernando,IPL,0,0,0,0.0,0.0,0.0,0.0,0,0,0,0.0,0,0.0,,,,
9864,Najmul Hossain Shanto,Test,37,70,2189,4158.0,163.0,32.19,52.65,2,246,29,5.0,7,0.0,,,,
9864,Najmul Hossain Shanto,ODI,52,51,1602,2021.0,122.0,33.38,79.27,3,171,15,10.0,3,0.0,,,,
9864,Najmul Hossain Shanto,T20,50,48,987,905.0,71.0,22.95,109.07,5,89,20,4.0,0,0.0,,,,
9864,Najmul Hossain Shanto,IPL,0,0,0,0.0,0.0,0.0,0.0,0,0,0,0.0,0,0.0,,,,
8219,Mominul Haque,Test,73,136,4627,8544.0,181.0,36.72,54.16,10,541,19,22.0,13,0.0,,,,
8219,Mominul Haque,ODI,28,26,557,749.0,60.0,22.28,74.37,1,60,1,3.0,0,0.0,,,,
8219,Mominul Haque,T20,6,4,60,50.0,26.0,20.0,120.0,1,5,2,0.0,0,0.0,,,,
8219,Mominul Haque,IPL,0,0,0,0.0,0.0,0.0,0.0,0,0,0,0.0,0,0.0,,,,
13223,Towhid Hridoy,Test,0,0,0,0.0,0.0,0.0,0.0,0,0,0,0.0,0,0.0,,,,
13223,Towhid Hridoy,ODI,38,34,1087,1343.0,100.0,35.06,80.94,3,65,23,9.0,1,0.0,,,,
13223,Towhid Hridoy,T20,47,42,944,769.0,63.0,26.97,122.76,7,61,37,3.0,0,0.0,,,,
13223,Towhid Hridoy,IPL,0,0,0,0.0,0.0,0.0,0.0,0,0,0,0.0,0,0.0,,,,
9868,Shadman Islam,Test,24,46,1207,2560.0,120.0,27.43,47.15,2,139,2,6.0,2,0.0,,,,
9868,Shadman Islam,ODI,0,0,0,0.0,0.0,0.0,0.0,0,0,0,0.0,0,0.0,,,,
9868,Shadman Islam,T20,0,0,0,0.0,0.0,0.0,0.0,0,0,0,0.0,0,0.0,,,,
9868,Shadman Islam,IPL,0,0,0,0.0,0.0,0.0,0.0,0,0,0,0.0,0,0.0,,,,
8233,Soumya Sarkar,Test,16,30,831,1442.0,149.0,27.7,57.63,0,109,9,4.0,1,0.0,,,,
8233,Soumya Sarkar,ODI,76,71,2198,2282.0,169.0,32.32,96.32,3,256,52,13.0,3,0.0,,,,
8233,Soumya Sarkar,T20,87,86,1462,1197.0,68.0,17.83,122.14,4,145,55,5.0,0,0.0,,,,
8233,Soumya Sarkar,IPL,0,0,0,0.0,0.0,0.0,0.0,0,0,0,0.0,0,0.0,,,,
14205,Tanzid Hasan Tamim,Test,0,0,0,0.0,0.0,0.0,0.0,0,0,0,0.0,0,0.0,,,,
14205,Tanzid Hasan Tamim,ODI,25,25,548,547.0,84.0,21.92,100.19,0,71,16,4.0,0,0.0,,,,
14205,Tanzid Hasan Tamim,T20,32,32,752,590.0,73.0,26.86,127.46,4,71,34,6.0,0,0.0,,,,
14205,Tanzid Hasan Tamim,IPL,0,0,0,0.0,0.0,0.0,0.0,0,0,0,0.0,0,0.0,,,,
10869,Mohammad Usman,Test,0,0,0,0.0,0.0,0.0,0.0,0,0,0,0.0,0,0.0,,,,
10869,Mohammad Usman,ODI,6,6,172,240.0,45.0,34.4,71.67,1,14,3,0.0,0,0.0,,,,
10869,Mohammad Usman,T20,16,15,287,262.0,49.0,22.08,109.55,2,27,11,0.0,0,0.0,,,,
10869,Mohammad Usman,IPL,0,0,0,0.0,0.0,0.0,0.0,0,0,0,0.0,0,0.0,,,,
9837,Shaiman Anwar,Test,0,0,0,0.0,0.0,0.0,0.0,0,0,0,0.0,0,0.0,,,,
9837,Shaiman Anwar,ODI,41,41,1336,1545.0,117.0,34.26,86.48,2,133,28,11.0,2,0.0,,,,
9837,Shaiman Anwar,T20,31,31,854,702.0,62.0,29.45,121.66,2,65,37,6.0,0,0.0,,,,
9837,Shaiman Anwar,IPL,0,0,0,0.0,0.0,0.0,0.0,0,0,0,0.0,0,0.0,,,,
14554,Chundangapoyil Rizwan,Test,0,0,0,0.0,0.0,0.0,0.0,0,0,0,0.0,0,0.0,,,,
14554,Chundangapoyil Rizwan,ODI,42,40,948,1638.0,109.0,27.88,57.88,6,67,2,4.0,1,0.0,,,,
14554,Chundangapoyil Rizwan,T20,18,16,323,295.0,51.0,24.85,109.5,3,25,6,1.0,0,0.0,,,,
14554,Chundangapoyil Rizwan,IPL,0,0,0,0.0,0.0,0.0,0.0,0,0,0,0.0,0,0.0,,,,
9829,Chirag Suri,Test,0,0,0,0.0,0.0,0.0,0.0,0,0,0,0.0,0,0.0,,,,
9829,Chirag Suri,ODI,37,37,946,1507.0,115.0,25.57,62.78,0,96,13,5.0,2,0.0,,,,
9829,Chirag Suri,T20,31,31,819,710.0,88.0,29.25,115.36,3,84,18,7.0,0,0.0,,,,
9829,Chirag Suri,IPL,0,0,0,0.0,0.0,0.0,0.0,0,0,0,0.0,0,0.0,,,,
13278,Ashfaq Ahmed,Test,0,0,0,0.0,0.0,0.0,0.0,0,0,0,0.0,0,0.0,,,,
13278,Ashfaq Ahmed,ODI,16,16,344,387.0,92.0,21.5,88.89,0,38,9,2.0,0,0.0,,,,
13278,Ashfaq Ahmed,T20,12,12,238,185.0,75.0,19.83,128.65,0,32,6,3.0,0,0.0,,,,
13278,Ashfaq Ahmed,IPL,0,0,0,0.0,0.0,0.0,0.0,0,0,0,0.0,0,0.0,,,,
13279,Mohammad Boota,Test,0,0,0,0.0,0.0,0.0,0.0,0,0,0,0.0,0,0.0,,,,
13279,Mohammad Boota,ODI,9,9,191,252.0,59.0,23.88,75.8,1,12,7,1.0,0,0.0,,,,
13279,Mohammad Boota,T20,19,15,136,114.0,20.0,17.0,119.3,7,9,6,0.0,0,0.0,,,,
13279,Mohammad Boota,IPL,0,0,0,0.0,0.0,0.0,0.0,0,0,0,0.0,0,0.0,,,,
9979,Babar Hayat,Test,0,0,0,0.0,0.0,0.0,0.0,0,0,0,0.0,0,0.0,,,,
9979,Babar Hayat,ODI,22,22,785,1005.0,89.0,39.25,78.11,2,70,26,8.0,0,0.0,,,,
9979,Babar Hayat,T20,97,94,2286,1752.0,122.0,28.58,130.48,14,137,141,12.0,2,0.0,,,,
9979,Babar Hayat,IPL,0,0,0,0.0,0.0,0.0,0.0,0,0,0,0.0,0,0.0,,,,
9981,Kinchit Shah,Test,0,0,0,0.0,0.0,0.0,0.0,0,0,0,0.0,0,0.0,,,,
9981,Kinchit Shah,ODI,10,10,140,238.0,34.0,14.0,58.83,0,12,2,0.0,0,0.0,,,,
9981,Kinchit Shah,T20,51,47,712,671.0,79.0,18.26,106.12,8,55,17,3.0,0,0.0,,,,
9981,Kinchit Shah,IPL,0,0,0,0.0,0.0,0.0,0.0,0,0,0,0.0,0,0.0,,,,
10208,Waqas Khan,Test,0,0,0,0.0,0.0,0.0,0.0,0,0,0,0.0,0,0.0,,,,
10208,Waqas Khan,ODI,8,5,67,137.0,35.0,16.75,48.91,1,3,0,0.0,0,0.0,,,,
10208,Waqas Khan,T20,16,14,164,189.0,60.0,16.4,86.78,4,6,5,1.0,0,0.0,,,,
10208,Waqas Khan,IPL,0,0,0,0.0,0.0,0.0,0.0,0,0,0,0.0,0,0.0,,,,
8502,Ben Duckett,Test,38,70,2872,3334.0,182.0,42.87,86.15,3,370,18,16.0,6,0.0,,,,
8502,Ben Duckett,ODI,28,28,1226,1189.0,165.0,45.41,103.12,1,142,16,8.0,3,0.0,,,,
8502,Ben Duckett,T20,20,20,527,343.0,84.0,29.28,153.65,2,69,8,3.0,0,0.0,,,,
8502,Ben Duckett,IPL,0,0,0,0.0,0.0,0.0,0.0,0,0,0,0.0,0,0.0,,,,
8019,Joe Root,Test,158,288,13543,23556.0,262.0,51.3,57.5,24,1451,45,66.0,39,6.0,,,,
8019,Joe Root,ODI,183,172,7301,8319.0,166.0,49.33,87.77,24,592,53,43.0,19,0.0,,,,
8019,Joe Root,T20,32,30,893,707.0,90.0,35.72,126.31,5,92,16,5.0,0,0.0,,,,
8019,Joe Root,IPL,3,1,10,15.0,10.0,10.0,66.67,0,1,0,0.0,0,0.0,,,,
12201,Harry Brook,Test,30,50,2820,3222.0,317.0,57.55,87.53,1,308,47,13.0,10,1.0,,,,
12201,Harry Brook,ODI,32,32,995,987.0,110.0,34.31,100.82,3,96,34,6.0,1,0.0,,,,
12201,Harry Brook,T20,48,41,873,597.0,81.0,28.16,146.24,10,70,38,4.0,0,0.0,,,,
12201,Harry Brook,IPL,11,11,190,154.0,100.0,21.11,123.38,2,23,4,0.0,1,0.0,,,,
12770,Zak Crawley,Test,59,107,3313,5049.0,267.0,31.55,65.62,2,468,12,19.0,5,1.0,,,,
12770,Zak Crawley,ODI,8,8,199,205.0,58.0,28.43,97.08,1,23,2,2.0,0,0.0,,,,
12770,Zak Crawley,T20,0,0,0,0.0,0.0,0.0,0.0,0,0,0,0.0,0,0.0,,,,
12770,Zak Crawley,IPL,0,0,0,0.0,0.0,0.0,0.0,0,0,0,0.0,0,0.0,,,,
9791,Brandon King,Test,3,6,129,215.0,75.0,21.5,60.0,0,17,3,1.0,0,0.0,,,,
9791,Brandon King,ODI,55,55,1468,1763.0,112.0,27.7,83.27,2,179,29,8.0,3,0.0,,,,
9791,Brandon King,T20,68,66,1659,1221.0,85.0,26.76,135.88,4,180,73,13.0,0,0.0,,,,
9791,Brandon King,IPL,0,0,0,0.0,0.0,0.0,0.0,0,0,0,0.0,0,0.0,,,,
13352,Alick Athanaze,Test,13,25,627,1171.0,92.0,25.08,53.55,0,71,3,4.0,0,0.0,,,,
13352,Alick Athanaze,ODI,13,13,306,368.0,66.0,23.54,83.16,0,37,6,2.0,0,0.0,,,,
13352,Alick Athanaze,T20,6,6,137,105.0,60.0,27.4,130.48,1,12,6,1.0,0,0.0,,,,
13352,Alick Athanaze,IPL,0,0,0,0.0,0.0,0.0,0.0,0,0,0,0.0,0,0.0,,,,
1984,Kraigg Brathwaite,Test,100,193,5950,14571.0,212.0,32.51,40.84,10,595,17,31.0,12,1.0,,,,
1984,Kraigg Brathwaite,ODI,10,10,278,483.0,78.0,27.8,57.56,0,15,0,1.0,0,0.0,,,,
1984,Kraigg Brathwaite,T20,0,0,0,0.0,0.0,0.0,0.0,0,0,0,0.0,0,0.0,,,,
1984,Kraigg Brathwaite,IPL,0,0,0,0.0,0.0,0.0,0.0,0,0,0,0.0,0,0.0,,,,
8434,Kavem Hodge,Test,11,22,556,1110.0,120.0,25.27,50.1,0,72,2,3.0,1,0.0,,,,
8434,Kavem Hodge,ODI,4,3,37,47.0,26.0,12.33,78.73,0,5,0,0.0,0,0.0,,,,
8434,Kavem Hodge,T20,0,0,0,0.0,0.0,0.0,0.0,0,0,0,0.0,0,0.0,,,,
8434,Kavem Hodge,IPL,0,0,0,0.0,0.0,0.0,0.0,0,0,0,0.0,0,0.0,,,,
11445,Rovman Powell,Test,0,0,0,0.0,0.0,0.0,0.0,0,0,0,0.0,0,0.0,,,,
11445,Rovman Powell,ODI,51,48,979,1153.0,101.0,21.76,84.91,3,63,42,2.0,1,0.0,,,,
11445,Rovman Powell,T20,99,87,1925,1361.0,107.0,25.67,141.45,12,118,125,9.0,1,0.0,,,,
11445,Rovman Powell,IPL,28,23,365,249.0,67.0,18.25,146.59,3,22,28,1.0,0,0.0,,,,
9789,Shimron Hetmyer,Test,16,30,838,1138.0,93.0,27.93,73.64,0,85,27,5.0,0,0.0,,,,
9789,Shimron Hetmyer,ODI,57,52,1543,1464.0,139.0,31.49,105.4,3,117,56,4.0,5,0.0,,,,
9789,Shimron Hetmyer,T20,69,59,1112,882.0,81.0,20.59,126.08,5,73,60,6.0,0,0.0,,,,
9789,Shimron Hetmyer,IPL,86,79,1482,976.0,75.0,29.06,151.85,28,93,93,5.0,0,0.0,,,,
8579,Evin Lewis,Test,0,0,0,0.0,0.0,0.0,0.0,0,0,0,0.0,0,0.0,,,,
8579,Evin Lewis,ODI,70,67,2279,2645.0,176.0,36.17,86.17,4,220,76,12.0,5,0.0,,,,
8579,Evin Lewis,T20,65,64,1782,1155.0,125.0,29.21,154.29,3,135,136,13.0,2,0.0,,,,
8579,Evin Lewis,IPL,27,26,654,477.0,65.0,27.25,137.11,2,62,36,4.0,0,0.0,,,,
6349,David Miller,Test,0,0,0,0.0,0.0,0.0,0.0,0,0,0,0.0,0,0.0,,,,
6349,David Miller,ODI,178,154,4611,4447.0,139.0,42.3,103.69,45,342,144,24.0,7,0.0,,,,
6349,David Miller,T20,130,114,2593,1842.0,106.0,33.24,140.78,36,168,130,8.0,2,0.0,,,,
6349,David Miller,IPL,141,135,3077,2220.0,101.0,35.78,138.61,49,220,138,13.0,1,0.0,,,,
9582,Aiden Markram,Test,46,84,2993,5016.0,152.0,36.5,59.67,2,426,14,13.0,8,0.0,,,,
9582,Aiden Markram,ODI,83,79,2590,2650.0,175.0,37.0,97.74,9,264,58,14.0,3,0.0,,,,
9582,Aiden Markram,T20,61,57,1426,986.0,70.0,29.1,144.63,8,130,59,9.0,0,0.0,,,,
9582,Aiden Markram,IPL,57,55,1440,1066.0,68.0,31.3,135.09,9,111,57,10.0,0,0.0,,,,
9554,Rassie van der Dussen,Test,18,32,905,2221.0,98.0,30.17,40.75,2,101,4,6.0,0,0.0,,,,
9554,Rassie van der Dussen,ODI,71,66,2657,3053.0,134.0,50.13,87.03,13,206,50,17.0,6,0.0,,,,
9554,Rassie van der Dussen,T20,57,53,1406,1092.0,94.0,33.48,128.76,11,89,62,10.0,0,0.0,,,,
9554,Rassie van der Dussen,IPL,3,3,22,24.0,12.0,11.0,91.67,1,2,0,0.0,0,0.0,,,,
8583,Temba Bavuma,Test,64,110,3708,7544.0,172.0,38.23,49.16,13,424,16,25.0,4,0.0,,,,
8583,Temba Bavuma,ODI,53,51,1941,2205.0,144.0,40.44,88.03,3,195,26,8.0,5,0.0,,,,
8583,Temba Bavuma,T20,36,35,670,567.0,72.0,20.94,118.17,3,62,16,1.0,0,0.0,,,,
8583,Temba Bavuma,IPL,0,0,0,0.0,0.0,0.0,0.0,0,0,0,0.0,0,0.0,,,,
11196,Tony de Zorzi,Test,13,23,641,1182.0,177.0,27.87,54.24,0,69,6,2.0,1,0.0,,,,
11196,Tony de Zorzi,ODI,17,16,553,572.0,119.0,36.87,96.68,1,56,18,1.0,1,0.0,,,,
11196,Tony de Zorzi,T20,0,0,0,0.0,0.0,0.0,0.0,0,0,0,0.0,0,0.0,,,,
11196,Tony de Zorzi,IPL,0,0,0,0.0,0.0,0.0,0.0,0,0,0,0.0,0,0.0,,,,
9491,Reeza Hendricks,Test,0,0,0,0.0,0.0,0.0,0.0,0,0,0,0.0,0,0.0,,,,
9491,Reeza Hendricks,ODI,38,38,974,1264.0,102.0,27.06,77.06,2,101,9,7.0,1,0.0,,,,
9491,Reeza Hendricks,T20,83,82,2382,1826.0,117.0,29.78,130.45,2,259,68,17.0,1,0.0,,,,
9491,Reeza Hendricks,IPL,0,0,0,0.0,0.0,0.0,0.0,0,0,0,0.0,0,0.0,,,,
20538,Dewald Brevis,Test,2,3,84,85.0,51.0,28.0,98.83,0,7,4,1.0,0,0.0,,,,
20538,Dewald Brevis,ODI,6,6,110,69.0,49.0,22.0,159.43,1,5,11,0.0,0,0.0,,,,
20538,Dewald Brevis,T20,11,11,341,176.0,125.0,37.89,193.75,2,19,29,1.0,1,0.0,,,,
20538,Dewald Brevis,IPL,16,16,455,297.0,57.0,28.44,153.2,0,30,33,2.0,0,0.0,,,,
10973,Zubayr Hamza,Test,8,16,307,738.0,62.0,19.19,41.6,0,42,2,1.0,0,0.0,,,,
10973,Zubayr Hamza,ODI,1,1,56,79.0,56.0,56.0,70.89,0,5,1,1.0,0,0.0,,,,
10973,Zubayr Hamza,T20,0,0,0,0.0,0.0,0.0,0.0,0,0,0,0.0,0,0.0,,,,
10973,Zubayr Hamza,IPL,0,0,0,0.0,0.0,0.0,0.0,0,0,0,0.0,0,0.0,,,,
6334,Craig Ervine,Test,30,60,1926,3922.0,160.0,33.79,49.11,3,212,14,7.0,4,0.0,,,,
6334,Craig Ervine,ODI,128,124,3600,4695.0,130.0,33.03,76.68,15,350,47,23.0,4,0.0,,,,
6334,Craig Ervine,T20,71,70,1449,1370.0,70.0,21.95,105.77,4,143,30,9.0,0,0.0,,,,
6334,Craig Ervine,IPL,0,0,0,0.0,0.0,0.0,0.0,0,0,0,0.0,0,0.0,,,,
13957,Ben Curran,Test,7,14,374,699.0,68.0,26.71,53.51,0,46,1,1.0,0,0.0,,,,
13957,Ben Curran,ODI,8,8,340,454.0,118.0,48.57,74.89,1,37,0,2.0,1,0.0,,,,
13957,Ben Curran,T20,0,0,0,0.0,0.0,0.0,0.0,0,0,0,0.0,0,0.0,,,,
13957,Ben Curran,IPL,0,0,0,0.0,0.0,0.0,0.0,0,0,0,0.0,0,0.0,,,,
18425,Nick Welch,Test,7,14,319,717.0,90.0,24.54,44.5,1,32,5,3.0,0,0.0,,,,
18425,Nick Welch,ODI,0,0,0,0.0,0.0,0.0,0.0,0,0,0,0.0,0,0.0,,,,
18425,Nick Welch,T20,7,7,97,93.0,25.0,13.86,104.31,0,12,1,0.0,0,0.0,,,,
18425,Nick Welch,IPL,0,0,0,0.0,0.0,0.0,0.0,0,0,0,0.0,0,0.0,,,,
11148,Prince Masvaure,Test,10,19,451,1268.0,74.0,25.06,35.57,1,52,1,4.0,0,0.0,,,,
11148,Prince Masvaure,ODI,2,2,40,60.0,39.0,20.0,66.67,0,2,0,0.0,0,0.0,,,,
11148,Prince Masvaure,T20,0,0,0,0.0,0.0,0.0,0.0,0,0,0,0.0,0,0.0,,,,
11148,Prince Masvaure,IPL,0,0,0,0.0,0.0,0.0,0.0,0,0,0,0.0,0,0.0,,,,
6326,Kane Williamson,Test,105,186,9276,17913.0,251.0,54.89,51.79,17,1031,27,37.0,33,6.0,,,,
6326,Kane Williamson,ODI,173,165,7236,8853.0,148.0,48.89,81.74,17,666,60,47.0,15,0.0,,,,
6326,Kane Williamson,T20,93,90,2575,2094.0,95.0,33.01,122.98,12,245,58,18.0,0,0.0,,,,
6326,Kane Williamson,IPL,79,77,2128,1694.0,89.0,35.47,125.62,17,185,64,18.0,0,0.0,,,,
11172,Finn Allen,Test,0,0,0,0.0,0.0,0.0,0.0,0,0,0,0.0,0,0.0,,,,
11172,Finn Allen,ODI,22,21,582,624.0,96.0,27.71,93.27,0,78,14,5.0,0,0.0,,,,
11172,Finn Allen,T20,52,52,1285,787.0,137.0,25.2,163.28,1,113,89,5.0,2,0.0,,,,
11172,Finn Allen,IPL,0,0,0,0.0,0.0,0.0,0.0,0,0,0,0.0,0,0.0,,,,
9976,Mark Chapman,Test,0,0,0,0.0,0.0,0.0,0.0,0,0,0,0.0,0,0.0,,,,
9976,Mark Chapman,ODI,30,26,868,811.0,132.0,39.45,107.03,4,78,30,3.0,3,0.0,,,,
9976,Mark Chapman,T20,90,80,1752,1316.0,104.0,26.55,133.14,14,150,66,9.0,1,0.0,,,,
9976,Mark Chapman,IPL,0,0,0,0.0,0.0,0.0,0.0,0,0,0,0.0,0,0.0,,,,
10694,Henry Nicholls,Test,58,90,3161,6225.0,200.0,39.02,50.78,9,344,9,12.0,10,1.0,,,,
10694,Henry Nicholls,ODI,81,79,2180,2713.0,124.0,34.6,80.36,16,198,19,15.0,1,0.0,,,,
10694,Henry Nicholls,T20,10,9,100,112.0,36.0,12.5,89.29,1,9,0,0.0,0,0.0,,,,
10694,Henry Nicholls,IPL,0,0,0,0.0,0.0,0.0,0.0,0,0,0,0.0,0,0.0,,,,
8549,Will Young,Test,22,39,1178,2535.0,89.0,32.72,46.47,3,149,5,11.0,0,0.0,,,,
8549,Will Young,ODI,46,46,1674,1934.0,120.0,40.83,86.56,5,189,27,10.0,4,0.0,,,,
8549,Will Young,T20,20,19,344,338.0,56.0,18.11,101.78,0,35,10,2.0,0,0.0,,,,
8549,Will Young,IPL,0,0,0,0.0,0.0,0.0,0.0,0,0,0,0.0,0,0.0,,,,
704,Alex Obanda,Test,0,0,0,0.0,0.0,0.0,0.0,0,0,0,0.0,0,0.0,,,,
704,Alex Obanda,ODI,49,45,1306,1764.0,96.0,30.37,74.04,2,127,39,9.0,0,0.0,,,,
704,Alex Obanda,T20,51,47,797,670.0,103.0,18.53,118.96,4,100,25,1.0,1,0.0,,,,
704,Alex Obanda,IPL,0,0,0,0.0,0.0,0.0,0.0,0,0,0,0.0,0,0.0,,,,
26232,Saiteja Mukkamalla,Test,0,0,0,0.0,0.0,0.0,0.0,0,0,0,0.0,0,0.0,,,,
26232,Saiteja Mukkamalla,ODI,33,32,993,1224.0,120.0,34.24,81.13,3,87,10,6.0,2,0.0,,,,
26232,Saiteja Mukkamalla,T20,18,18,639,418.0,100.0,42.6,152.88,3,64,27,5.0,1,0.0,,,,
26232,Saiteja Mukkamalla,IPL,0,0,0,0.0,0.0,0.0,0.0,0,0,0,0.0,0,0.0,,,,
14730,Aaron Jones,Test,0,0,0,0.0,0.0,0.0,0.0,0,0,0,0.0,0,0.0,,,,
14730,Aaron Jones,ODI,52,52,1664,2329.0,123.0,33.96,71.45,3,116,32,11.0,1,0.0,,,,
14730,Aaron Jones,T20,48,43,770,672.0,94.0,24.06,114.59,11,41,39,2.0,0,0.0,,,,
14730,Aaron Jones,IPL,0,0,0,0.0,0.0,0.0,0.0,0,0,0,0.0,0,0.0,,,,
20217,Sushant Modani,Test,0,0,0,0.0,0.0,0.0,0.0,0,0,0,0.0,0,0.0,,,,
20217,Sushant Modani,ODI,34,34,900,1426.0,111.0,26.47,63.12,0,78,5,6.0,1,0.0,,,,
20217,Sushant Modani,T20,5,4,93,68.0,50.0,31.0,136.77,1,5,3,1.0,0,0.0,,,,
20217,Sushant Modani,IPL,0,0,0,0.0,0.0,0.0,0.0,0,0,0,0.0,0,0.0,,,,
46671,Bodugum Akhilesh Reddy,Test,0,0,0,0.0,0.0,0.0,0.0,0,0,0,0.0,0,0.0,,,,
46671,Bodugum Akhilesh Reddy,ODI,0,0,0,0.0,0.0,0.0,0.0,0,0,0,0.0,0,0.0,,,,
46671,Bodugum Akhilesh Reddy,T20,4,0,0,0.0,0.0,0.0,0.0,0,0,0,0.0,0,0.0,,,,
46671,Bodugum Akhilesh Reddy,IPL,0,0,0,0.0,0.0,0.0,0.0,0,0,0,0.0,0,0.0,,,,
1415,Kyle Coetzer,Test,0,0,0,0.0,0.0,0.0,0.0,0,0,0,0.0,0,0.0,,,,
1415,Kyle Coetzer,ODI,88,87,3192,3874.0,156.0,38.93,82.4,5,412,40,21.0,5,0.0,,,,
1415,Kyle Coetzer,T20,69,68,1495,1254.0,89.0,22.65,119.22,2,158,48,6.0,0,0.0,,,,
1415,Kyle Coetzer,IPL,0,0,0,0.0,0.0,0.0,0.0,0,0,0,0.0,0,0.0,,,,
13738,Dylan Budge,Test,0,0,0,0.0,0.0,0.0,0.0,0,0,0,0.0,0,0.0,,,,
13738,Dylan Budge,ODI,17,15,248,312.0,46.0,22.55,79.49,4,18,1,0.0,0,0.0,,,,
13738,Dylan Budge,T20,8,6,60,62.0,24.0,15.0,96.78,2,2,3,0.0,0,0.0,,,,
13738,Dylan Budge,IPL,0,0,0,0.0,0.0,0.0,0.0,0,0,0,0.0,0,0.0,,,,
13527,Michael Jones,Test,0,0,0,0.0,0.0,0.0,0.0,0,0,0,0.0,0,0.0,,,,
13527,Michael Jones,ODI,17,14,385,572.0,87.0,27.5,67.31,0,36,3,3.0,0,0.0,,,,
13527,Michael Jones,T20,11,11,224,164.0,86.0,22.4,136.59,1,20,11,1.0,0,0.0,,,,
13527,Michael Jones,IPL,0,0,0,0.0,0.0,0.0,0.0,0,0,0,0.0,0,0.0,,,,
10103,George Munsey,Test,0,0,0,0.0,0.0,0.0,0.0,0,0,0,0.0,0,0.0,,,,
10103,George Munsey,ODI,70,69,2630,2926.0,191.0,44.58,89.89,10,268,83,18.0,3,0.0,,,,
10103,George Munsey,T20,80,79,2302,1596.0,132.0,31.11,144.24,5,247,105,13.0,2,0.0,,,,
10103,George Munsey,IPL,0,0,0,0.0,0.0,0.0,0.0,0,0,0,0.0,0,0.0,,,,
6708,Tom Cooper,Test,0,0,0,0.0,0.0,0.0,0.0,0,0,0,0.0,0,0.0,,,,
6708,Tom Cooper,ODI,32,31,1319,1813.0,101.0,45.48,72.76,2,115,8,12.0,1,0.0,,,,
6708,Tom Cooper,T20,31,32,659,509.0,81.0,23.54,129.47,4,62,22,3.0,0,0.0,,,,
6708,Tom Cooper,IPL,0,0,0,0.0,0.0,0.0,0.0,0,0,0,0.0,0,0.0,,,,
1409,Tom de Grooth,Test,0,0,0,0.0,0.0,0.0,0.0,0,0,0,0.0,0,0.0,,,,
1409,Tom de Grooth,ODI,34,32,480,774.0,97.0,16.55,62.02,3,46,2,1.0,0,0.0,,,,
1409,Tom de Grooth,T20,14,12,161,152.0,49.0,20.13,105.93,4,16,1,0.0,0,0.0,,,,
1409,Tom de Grooth,IPL,0,0,0,0.0,0.0,0.0,0.0,0,0,0,0.0,0,0.0,,,,
7609,Wilfred Diepeveen,Test,0,0,0,0.0,0.0,0.0,0.0,0,0,0,0.0,0,0.0,,,,
7609,Wilfred Diepeveen,ODI,1,1,6,7.0,6.0,6.0,85.72,0,1,0,0.0,0,0.0,,,,
7609,Wilfred Diepeveen,T20,0,0,0,0.0,0.0,0.0,0.0,0,0,0,0.0,0,0.0,,,,
7609,Wilfred Diepeveen,IPL,0,0,0,0.0,0.0,0.0,0.0,0,0,0,0.0,0,0.0,,,,
6477,Tim Gruijters,Test,0,0,0,0.0,0.0,0.0,0.0,0,0,0,0.0,0,0.0,,,,
6477,Tim Gruijters,ODI,5,4,68,116.0,32.0,22.67,58.63,1,5,2,0.0,0,0.0,,,,
6477,Tim Gruijters,T20,8,5,51,47.0,21.0,25.5,108.52,3,3,1,0.0,0,0.0,,,,
6477,Tim Gruijters,IPL,0,0,0,0.0,0.0,0.0,0.0,0,0,0,0.0,0,0.0,,,,
634,Alexei Kervezee,Test,0,0,0,0.0,0.0,0.0,0.0,0,0,0,0.0,0,0.0,,,,
634,Alexei Kervezee,ODI,39,36,924,1263.0,92.0,28.0,73.16,3,95,10,4.0,0,0.0,,,,
634,Alexei Kervezee,T20,9,10,289,262.0,58.0,32.11,110.31,1,19,6,2.0,0,0.0,,,,
634,Alexei Kervezee,IPL,0,0,0,0.0,0.0,0.0,0.0,0,0,0,0.0,0,0.0,,,,
7960,Neil Kruger,Test,0,0,0,0.0,0.0,0.0,0.0,0,0,0,0.0,0,0.0,,,,
7960,Neil Kruger,ODI,1,1,5,20.0,5.0,5.0,25.0,0,0,0,0.0,0,0.0,,,,
7960,Neil Kruger,T20,0,0,0,0.0,0.0,0.0,0.0,0,0,0,0.0,0,0.0,,,,
7960,Neil Kruger,IPL,0,0,0,0.0,0.0,0.0,0.0,0,0,0,0.0,0,0.0,,,,
8073,Stephan Myburgh,Test,0,0,0,0.0,0.0,0.0,0.0,0,0,0,0.0,0,0.0,,,,
8073,Stephan Myburgh,ODI,22,22,527,662.0,74.0,26.35,79.61,2,65,12,4.0,0,0.0,,,,
8073,Stephan Myburgh,T20,43,44,915,799.0,71.0,21.79,114.52,2,100,28,5.0,0,0.0,,,,
8073,Stephan Myburgh,IPL,0,0,0,0.0,0.0,0.0,0.0,0,0,0,0.0,0,0.0,,,,
10424,Max ODowd,Test,0,0,0,0.0,0.0,0.0,0.0,0,0,0,0.0,0,0.0,,,,
10424,Max ODowd,ODI,64,64,2153,2856.0,158.0,35.88,75.39,4,215,36,15.0,1,0.0,,,,
10424,Max ODowd,T20,87,84,2309,1888.0,133.0,29.99,122.3,7,239,54,16.0,1,0.0,,,,
10424,Max ODowd,IPL,0,0,0,0.0,0.0,0.0,0.0,0,0,0,0.0,0,0.0,,,,
692,Edgar Schiferli,Test,0,0,0,0.0,0.0,0.0,0.0,0,0,0,0.0,0,0.0,,,,
692,Edgar Schiferli,ODI,30,22,161,218.0,41.0,10.06,73.86,6,18,5,0.0,0,0.0,,,,
692,Edgar Schiferli,T20,7,3,7,16.0,5.0,3.5,43.75,1,0,0,0.0,0,0.0,,,,
692,Edgar Schiferli,IPL,0,0,0,0.0,0.0,0.0,0.0,0,0,0,0.0,0,0.0,,,,
11330,Sikander Zulfiqar,Test,0,0,0,0.0,0.0,0.0,0.0,0,0,0,0.0,0,0.0,,,,
11330,Sikander Zulfiqar,ODI,0,0,0,0.0,0.0,0.0,0.0,0,0,0,0.0,0,0.0,,,,
11330,Sikander Zulfiqar,T20,12,9,70,71.0,18.0,8.75,98.6,1,5,0,0.0,0,0.0,,,,
11330,Sikander Zulfiqar,IPL,0,0,0,0.0,0.0,0.0,0.0,0,0,0,0.0,0,0.0,,,,
7962,Michael Swart,Test,0,0,0,0.0,0.0,0.0,0.0,0,0,0,0.0,0,0.0,,,,
7962,Michael Swart,ODI,12,11,197,273.0,52.0,19.7,72.17,1,19,5,1.0,0,0.0,,,,
7962,Michael Swart,T20,25,25,621,537.0,89.0,27.0,115.65,2,53,16,4.0,0,0.0,,,,
7962,Michael Swart,IPL,0,0,0,0.0,0.0,0.0,0.0,0,0,0,0.0,0,0.0,,,,
3298,Eric Gouka,Test,0,0,0,0.0,0.0,0.0,0.0,0,0,0,0.0,0,0.0,,,,
3298,Eric Gouka,ODI,3,2,19,36.0,19.0,19.0,52.78,1,2,0,0.0,0,0.0,,,,
3298,Eric Gouka,T20,0,0,0,0.0,0.0,0.0,0.0,0,0,0,0.0,0,0.0,,,,
3298,Eric Gouka,IPL,0,0,0,0.0,0.0,0.0,0.0,0,0,0,0.0,0,0.0,,,,
3372,Glenn Blakeney,Test,0,0,0,0.0,0.0,0.0,0.0,0,0,0,0.0,0,0.0,,,,
3372,Glenn Blakeney,ODI,2,2,72,69.0,42.0,36.0,104.35,0,8,1,0.0,0,0.0,,,,
3372,Glenn Blakeney,T20,0,0,0,0.0,0.0,0.0,0.0,0,0,0,0.0,0,0.0,,,,
3372,Glenn Blakeney,IPL,0,0,0,0.0,0.0,0.0,0.0,0,0,0,0.0,0,0.0,,,,
662,Delyone Borden,Test,0,0,0,0.0,0.0,0.0,0.0,0,0,0,0.0,0,0.0,,,,
662,Delyone Borden,ODI,12,11,98,195.0,24.0,14.0,50.26,4,9,0,0.0,0,0.0,,,,
662,Delyone Borden,T20,0,0,0,0.0,0.0,0.0,0.0,0,0,0,0.0,0,0.0,,,,
662,Delyone Borden,IPL,0,0,0,0.0,0.0,0.0,0.0,0,0,0,0.0,0,0.0,,,,
861,James Celestine,Test,0,0,0,0.0,0.0,0.0,0.0,0,0,0,0.0,0,0.0,,,,
861,James Celestine,ODI,8,8,60,135.0,20.0,7.5,44.45,0,7,2,0.0,0,0.0,,,,
861,James Celestine,T20,3,3,9,17.0,7.0,3.0,52.95,0,0,0,0.0,0,0.0,,,,
861,James Celestine,IPL,0,0,0,0.0,0.0,0.0,0.0,0,0,0,0.0,0,0.0,,,,
3373,Fiqre Crockwell,Test,0,0,0,0.0,0.0,0.0,0.0,0,0,0,0.0,0,0.0,,,,
3373,Fiqre Crockwell,ODI,2,2,68,104.0,45.0,34.0,65.39,0,8,2,0.0,0,0.0,,,,
3373,Fiqre Crockwell,T20,0,0,0,0.0,0.0,0.0,0.0,0,0,0,0.0,0,0.0,,,,
3373,Fiqre Crockwell,IPL,0,0,0,0.0,0.0,0.0,0.0,0,0,0,0.0,0,0.0,,,,
1755,Chris Foggo,Test,0,0,0,0.0,0.0,0.0,0.0,0,0,0,0.0,0,0.0,,,,
1755,Chris Foggo,ODI,4,4,106,174.0,60.0,26.5,60.92,0,5,1,1.0,0,0.0,,,,
1755,Chris Foggo,T20,3,3,13,17.0,7.0,4.33,76.48,0,2,0,0.0,0,0.0,,,,
1755,Chris Foggo,IPL,0,0,0,0.0,0.0,0.0,0.0,0,0,0,0.0,0,0.0,,,,
664,David Hemp,Test,0,0,0,0.0,0.0,0.0,0.0,0,0,0,0.0,0,0.0,,,,
664,David Hemp,ODI,22,22,641,912.0,102.0,33.74,70.29,3,68,7,4.0,1,0.0,,,,
664,David Hemp,T20,2,2,20,32.0,20.0,10.0,62.5,0,2,1,0.0,0,0.0,,,,
664,David Hemp,IPL,0,0,0,0.0,0.0,0.0,0.0,0,0,0,0.0,0,0.0,,,,
863,Kyle Hodsoll,Test,0,0,0,0.0,0.0,0.0,0.0,0,0,0,0.0,0,0.0,,,,
863,Kyle Hodsoll,ODI,3,2,2,7.0,2.0,2.0,28.58,1,0,0,0.0,0,0.0,,,,
863,Kyle Hodsoll,T20,4,1,0,1.0,0.0,0.0,0.0,0,0,0,0.0,0,0.0,,,,
863,Kyle Hodsoll,IPL,0,0,0,0.0,0.0,0.0,0.0,0,0,0,0.0,0,0.0,,,,
670,Steven Outerbridge,Test,0,0,0,0.0,0.0,0.0,0.0,0,0,0,0.0,0,0.0,,,,
670,Steven Outerbridge,ODI,23,23,336,612.0,56.0,14.61,54.91,0,30,2,1.0,0,0.0,,,,
670,Steven Outerbridge,T20,3,3,49,51.0,37.0,24.5,96.08,1,2,1,0.0,0,0.0,,,,
670,Steven Outerbridge,IPL,0,0,0,0.0,0.0,0.0,0.0,0,0,0,0.0,0,0.0,,,,
864,Azeem Pitcher,Test,0,0,0,0.0,0.0,0.0,0.0,0,0,0,0.0,0,0.0,,,,
864,Azeem Pitcher,ODI,4,4,36,89.0,30.0,9.0,40.45,0,2,1,0.0,0,0.0,,,,
864,Azeem Pitcher,T20,0,0,0,0.0,0.0,0.0,0.0,0,0,0,0.0,0,0.0,,,,
864,Azeem Pitcher,IPL,0,0,0,0.0,0.0,0.0,0.0,0,0,0,0.0,0,0.0,,,,
660,Irving Romaine,Test,0,0,0,0.0,0.0,0.0,0.0,0,0,0,0.0,0,0.0,,,,
660,Irving Romaine,ODI,35,34,783,1222.0,101.0,25.26,64.08,3,86,16,4.0,1,0.0,,,,
660,Irving Romaine,T20,2,2,9,20.0,8.0,4.5,45.0,0,0,0,0.0,0,0.0,,,,
660,Irving Romaine,IPL,0,0,0,0.0,0.0,0.0,0.0,0,0,0,0.0,0,0.0,,,,
866,Tamauri Tucker,Test,0,0,0,0.0,0.0,0.0,0.0,0,0,0,0.0,0,0.0,,,,
866,Tamauri Tucker,ODI,5,0,0,0.0,0.0,0.0,0.0,0,0,0,0.0,0,0.0,,,,
866,Tamauri Tucker,T20,1,1,1,5.0,1.0,1.0,20.0,0,0,0,0.0,0,0.0,,,,
866,Tamauri Tucker,IPL,0,0,0,0.0,0.0,0.0,0.0,0,0,0,0.0,0,0.0,,,,
815,Trevin Bastiampillai,Test,0,0,0,0.0,0.0,0.0,0.0,0,0,0,0.0,0,0.0,,,,
815,Trevin Bastiampillai,ODI,13,13,175,301.0,49.0,13.46,58.14,0,26,2,0.0,0,0.0,,,,
815,Trevin Bastiampillai,T20,2,0,0,0.0,0.0,0.0,0.0,0,0,0,0.0,0,0.0,,,,
815,Trevin Bastiampillai,IPL,0,0,0,0.0,0.0,0.0,0.0,0,0,0,0.0,0,0.0,,,,
675,John Davison,Test,0,0,0,0.0,0.0,0.0,0.0,0,0,0,0.0,0,0.0,,,,
675,John Davison,ODI,32,32,799,767.0,111.0,26.63,104.18,2,93,20,5.0,1,0.0,,,,
675,John Davison,T20,5,5,44,40.0,19.0,8.8,110.0,0,2,3,0.0,0,0.0,,,,
675,John Davison,IPL,0,0,0,0.0,0.0,0.0,0.0,0,0,0,0.0,0,0.0,,,,
7852,Tyson Gordon,Test,0,0,0,0.0,0.0,0.0,0.0,0,0,0,0.0,0,0.0,,,,
7852,Tyson Gordon,ODI,5,5,27,59.0,9.0,5.4,45.77,0,2,0,0.0,0,0.0,,,,
7852,Tyson Gordon,T20,3,3,32,37.0,23.0,10.67,86.49,0,3,0,0.0,0,0.0,,,,
7852,Tyson Gordon,IPL,0,0,0,0.0,0.0,0.0,0.0,0,0,0,0.0,0,0.0,,,,
1422,Ruvindu Gunasekera,Test,0,0,0,0.0,0.0,0.0,0.0,0,0,0,0.0,0,0.0,,,,
1422,Ruvindu Gunasekera,ODI,19,19,455,679.0,72.0,23.95,67.02,0,40,11,6.0,0,0.0,,,,
1422,Ruvindu Gunasekera,T20,8,8,202,188.0,65.0,25.25,107.45,0,23,4,1.0,0,0.0,,,,
1422,Ruvindu Gunasekera,IPL,0,0,0,0.0,0.0,0.0,0.0,0,0,0,0.0,0,0.0,,,,
7676,Jimmy Hansra,Test,0,0,0,0.0,0.0,0.0,0.0,0,0,0,0.0,0,0.0,,,,
7676,Jimmy Hansra,ODI,24,22,421,725.0,70.0,23.39,58.07,4,27,8,2.0,0,0.0,,,,
7676,Jimmy Hansra,T20,8,8,82,85.0,30.0,13.67,96.48,2,4,3,0.0,0,0.0,,,,
7676,Jimmy Hansra,IPL,0,0,0,0.0,0.0,0.0,0.0,0,0,0,0.0,0,0.0,,,,
784,Zunaed Siddique,Test,19,37,969,2341.0,106.0,26.19,41.4,0,123,1,7.0,1,0.0,,,,
784,Zunaed Siddique,ODI,55,54,1201,1783.0,100.0,22.66,67.36,1,118,7,6.0,1,0.0,,,,
784,Zunaed Siddique,T20,7,7,160,108.0,71.0,22.86,148.15,0,16,7,1.0,0,0.0,,,,
784,Zunaed Siddique,IPL,0,0,0,0.0,0.0,0.0,0.0,0,0,0,0.0,0,0.0,,,,
6474,Nitish Kumar,Test,0,0,0,0.0,0.0,0.0,0.0,0,0,0,0.0,0,0.0,,,,
6474,Nitish Kumar,ODI,16,15,217,397.0,38.0,15.5,54.66,1,18,0,0.0,0,0.0,,,,
6474,Nitish Kumar,T20,36,32,711,567.0,83.0,25.39,125.4,4,51,25,4.0,0,0.0,,,,
6474,Nitish Kumar,IPL,0,0,0,0.0,0.0,0.0,0.0,0,0,0,0.0,0,0.0,,,,
3289,Hiral Patel,Test,0,0,0,0.0,0.0,0.0,0.0,0,0,0,0.0,0,0.0,,,,
3289,Hiral Patel,ODI,23,23,468,584.0,62.0,21.27,80.14,1,56,8,2.0,0,0.0,,,,
3289,Hiral Patel,T20,15,15,294,285.0,88.0,21.0,103.16,1,28,3,2.0,0,0.0,,,,
3289,Hiral Patel,IPL,0,0,0,0.0,0.0,0.0,0.0,0,0,0,0.0,0,0.0,,,,
1426,Rizwan Cheema,Test,0,0,0,0.0,0.0,0.0,0.0,0,0,0,0.0,0,0.0,,,,
1426,Rizwan Cheema,ODI,33,32,764,685.0,94.0,24.65,111.54,1,92,35,6.0,0,0.0,,,,
1426,Rizwan Cheema,T20,24,24,389,314.0,72.0,16.91,123.89,1,33,28,2.0,0,0.0,,,,
1426,Rizwan Cheema,IPL,0,0,0,0.0,0.0,0.0,0.0,0,0,0,0.0,0,0.0,,,,
823,Durand Soraine,Test,0,0,0,0.0,0.0,0.0,0.0,0,0,0,0.0,0,0.0,,,,
823,Durand Soraine,ODI,4,4,14,20.0,6.0,3.5,70.0,0,1,0,0.0,0,0.0,,,,
823,Durand Soraine,T20,0,0,0,0.0,0.0,0.0,0.0,0,0,0,0.0,0,0.0,,,,
823,Durand Soraine,IPL,0,0,0,0.0,0.0,0.0,0.0,0,0,0,0.0,0,0.0,,,,
1432,Zubin Surkari,Test,0,0,0,0.0,0.0,0.0,0.0,0,0,0,0.0,0,0.0,,,,
1432,Zubin Surkari,ODI,23,21,323,642.0,49.0,17.94,50.32,3,30,0,0.0,0,0.0,,,,
1432,Zubin Surkari,T20,4,3,10,33.0,6.0,3.33,30.31,0,0,0,0.0,0,0.0,,,,
1432,Zubin Surkari,IPL,0,0,0,0.0,0.0,0.0,0.0,0,0,0,0.0,0,0.0,,,,
6475,Usman Limbada,Test,0,0,0,0.0,0.0,0.0,0.0,0,0,0,0.0,0,0.0,,,,
6475,Usman Limbada,ODI,11,11,189,284.0,50.0,18.9,66.55,1,19,1,1.0,0,0.0,,,,
6475,Usman Limbada,T20,7,3,53,41.0,21.0,53.0,129.27,2,6,0,0.0,0,0.0,,,,
6475,Usman Limbada,IPL,0,0,0,0.0,0.0,0.0,0.0,0,0,0,0.0,0,0.0,,,,
8026,Zahid Hussain,Test,0,0,0,0.0,0.0,0.0,0.0,0,0,0,0.0,0,0.0,,,,
8026,Zahid Hussain,ODI,2,2,9,31.0,7.0,9.0,29.04,1,1,0,0.0,0,0.0,,,,
8026,Zahid Hussain,T20,3,2,3,8.0,2.0,0.0,37.5,2,0,0,0.0,0,0.0,,,,
8026,Zahid Hussain,IPL,0,0,0,0.0,0.0,0.0,0.0,0,0,0,0.0,0,0.0,,,,
6710,Andrew Balbirnie,Test,10,20,476,935.0,95.0,25.05,50.91,1,55,0,5.0,0,0.0,,,,
6710,Andrew Balbirnie,ODI,116,110,3264,4397.0,145.0,31.69,74.24,7,309,43,17.0,9,0.0,,,,
6710,Andrew Balbirnie,T20,109,106,2392,1941.0,83.0,23.22,123.24,3,254,68,12.0,0,0.0,,,,
6710,Andrew Balbirnie,IPL,0,0,0,0.0,0.0,0.0,0.0,0,0,0,0.0,0,0.0,,,,
1451963,Cade Carmichael,Test,0,0,0,0.0,0.0,0.0,0.0,0,0,0,0.0,0,0.0,,,,
1451963,Cade Carmichael,ODI,3,2,64,82.0,48.0,32.0,78.05,0,7,1,0.0,0,0.0,,,,
1451963,Cade Carmichael,T20,0,0,0,0.0,0.0,0.0,0.0,0,0,0,0.0,0,0.0,,,,
1451963,Cade Carmichael,IPL,0,0,0,0.0,0.0,0.0,0.0,0,0,0,0.0,0,0.0,,,,
11130,Harry Tector,Test,7,14,391,896.0,85.0,27.93,43.64,0,39,7,4.0,0,0.0,,,,
11130,Harry Tector,ODI,54,49,1992,2392.0,140.0,46.33,83.28,6,155,46,14.0,5,0.0,,,,
11130,Harry Tector,T20,85,77,1443,1205.0,64.0,22.55,119.76,13,118,35,5.0,0,0.0,,,,
11130,Harry Tector,IPL,0,0,0,0.0,0.0,0.0,0.0,0,0,0,0.0,0,0.0,,,,
36594,Ross Adair,Test,0,0,0,0.0,0.0,0.0,0.0,0,0,0,0.0,0,0.0,,,,
36594,Ross Adair,ODI,0,0,0,0.0,0.0,0.0,0.0,0,0,0,0.0,0,0.0,,,,
36594,Ross Adair,T20,11,11,316,216.0,100.0,28.73,146.3,0,23,22,1.0,1,0.0,,,,
36594,Ross Adair,IPL,0,0,0,0.0,0.0,0.0,0.0,0,0,0,0.0,0,0.0,,,,
13310,Morgan Topping,Test,0,0,0,0.0,0.0,0.0,0.0,0,0,0,0.0,0,0.0,,,,
13310,Morgan Topping,ODI,0,0,0,0.0,0.0,0.0,0.0,0,0,0,0.0,0,0.0,,,,
13310,Morgan Topping,T20,0,0,0,0.0,0.0,0.0,0.0,0,0,0,0.0,0,0.0,,,,
13310,Morgan Topping,IPL,0,0,0,0.0,0.0,0.0,0.0,0,0,0,0.0,0,0.0,,,,
9962,Naresh Bahadur Budayair,Test,0,0,0,0.0,0.0,0.0,0.0,0,0,0,0.0,0,0.0,,,,
9962,Naresh Bahadur Budayair,ODI,0,0,0,0.0,0.0,0.0,0.0,0,0,0,0.0,0,0.0,,,,
9962,Naresh Bahadur Budayair,T20,4,3,7,19.0,5.0,3.5,36.85,1,0,0,0.0,0,0.0,,,,
9962,Naresh Bahadur Budayair,IPL,0,0,0,0.0,0.0,0.0,0.0,0,0,0,0.0,0,0.0,,,,
10204,Rajesh Pulami,Test,0,0,0,0.0,0.0,0.0,0.0,0,0,0,0.0,0,0.0,,,,
10204,Rajesh Pulami,ODI,0,0,0,0.0,0.0,0.0,0.0,0,0,0,0.0,0,0.0,,,,
10204,Rajesh Pulami,T20,6,6,52,89.0,25.0,8.67,58.43,0,0,3,0.0,0,0.0,,,,
10204,Rajesh Pulami,IPL,0,0,0,0.0,0.0,0.0,0.0,0,0,0,0.0,0,0.0,,,,
9966,Gyanendra Malla,Test,0,0,0,0.0,0.0,0.0,0.0,0,0,0,0.0,0,0.0,,,,
9966,Gyanendra Malla,ODI,37,37,876,1318.0,75.0,24.33,66.47,1,90,15,7.0,0,0.0,,,,
9966,Gyanendra Malla,T20,44,39,883,734.0,107.0,23.24,120.3,1,76,36,2.0,1,0.0,,,,
9966,Gyanendra Malla,IPL,0,0,0,0.0,0.0,0.0,0.0,0,0,0,0.0,0,0.0,,,,
10205,Anil Mandal,Test,0,0,0,0.0,0.0,0.0,0.0,0,0,0,0.0,0,0.0,,,,
10205,Anil Mandal,ODI,0,0,0,0.0,0.0,0.0,0.0,0,0,0,0.0,0,0.0,,,,
10205,Anil Mandal,T20,2,2,11,25.0,9.0,5.5,44.0,0,0,0,0.0,0,0.0,,,,
10205,Anil Mandal,IPL,0,0,0,0.0,0.0,0.0,0.0,0,0,0,0.0,0,0.0,,,,
9971,Sharad Vesawkar,Test,0,0,0,0.0,0.0,0.0,0.0,0,0,0,0.0,0,0.0,,,,
9971,Sharad Vesawkar,ODI,4,4,66,151.0,55.0,22.0,43.71,1,5,0,1.0,0,0.0,,,,
9971,Sharad Vesawkar,T20,21,19,325,328.0,40.0,23.21,99.09,5,26,7,0.0,0,0.0,,,,
9971,Sharad Vesawkar,IPL,0,0,0,0.0,0.0,0.0,0.0,0,0,0,0.0,0,0.0,,,,
8277,Hashmatullah Shahidi,Test,10,19,757,1596.0,246.0,50.47,47.44,4,85,1,2.0,2,2.0,,,,
8277,Hashmatullah Shahidi,ODI,90,88,2435,3614.0,97.0,33.36,67.38,15,209,13,22.0,0,0.0,,,,
8277,Hashmatullah Shahidi,T20,6,4,48,55.0,36.0,24.0,87.28,2,5,0,0.0,0,0.0,,,,
8277,Hashmatullah Shahidi,IPL,0,0,0,0.0,0.0,0.0,0.0,0,0,0,0.0,0,0.0,,,,
8571,Rahmat Shah,Test,11,21,970,1820.0,234.0,46.19,53.3,0,117,6,5.0,3,1.0,,,,
8571,Rahmat Shah,ODI,123,118,3976,5579.0,114.0,35.19,71.27,5,344,40,31.0,5,0.0,,,,
8571,Rahmat Shah,T20,1,1,3,6.0,3.0,3.0,50.0,0,0,0,0.0,0,0.0,,,,
8571,Rahmat Shah,IPL,0,0,0,0.0,0.0,0.0,0.0,0,0,0,0.0,0,0.0,,,,
14200,Riaz Hassan,Test,1,2,23,53.0,12.0,11.5,43.4,0,3,0,0.0,0,0.0,,,,
14200,Riaz Hassan,ODI,7,6,165,272.0,50.0,27.5,60.67,0,15,3,1.0,0,0.0,,,,
14200,Riaz Hassan,T20,0,0,0,0.0,0.0,0.0,0.0,0,0,0,0.0,0,0.0,,,,
14200,Riaz Hassan,IPL,0,0,0,0.0,0.0,0.0,0.0,0,0,0,0.0,0,0.0,,,,
14204,Sediqullah Atal,Test,1,1,3,6.0,3.0,3.0,50.0,0,0,0,0.0,0,0.0,,,,
14204,Sediqullah Atal,ODI,9,8,335,408.0,104.0,41.88,82.11,0,29,9,2.0,1,0.0,,,,
14204,Sediqullah Atal,T20,14,14,323,281.0,73.0,24.85,114.95,1,21,15,3.0,0,0.0,,,,
14204,Sediqullah Atal,IPL,1,1,22,16.0,22.0,22.0,137.5,0,0,2,0.0,0,0.0,,,,
15753,Bahir Shah,Test,0,0,0,0.0,0.0,0.0,0.0,0,0,0,0.0,0,0.0,,,,
15753,Bahir Shah,ODI,0,0,0,0.0,0.0,0.0,0.0,0,0,0,0.0,0,0.0,,,,
15753,Bahir Shah,T20,0,0,0,0.0,0.0,0.0,0.0,0,0,0,0.0,0,0.0,,,,
15753,Bahir Shah,IPL,0,0,0,0.0,0.0,0.0,0.0,0,0,0,0.0,0,0.0,,,,
12069,Darwish Rasooli,Test,0,0,0,0.0,0.0,0.0,0.0,0,0,0,0.0,0,0.0,,,,
12069,Darwish Rasooli,ODI,0,0,0,0.0,0.0,0.0,0.0,0,0,0,0.0,0,0.0,,,,
12069,Darwish Rasooli,T20,13,12,149,138.0,58.0,13.55,107.98,1,12,3,1.0,0,0.0,,,,
12069,Darwish Rasooli,IPL,0,0,0,0.0,0.0,0.0,0.0,0,0,0,0.0,0,0.0,,,,
12068,Hazratullah Zazai,Test,0,0,0,0.0,0.0,0.0,0.0,0,0,0,0.0,0,0.0,,,,
12068,Hazratullah Zazai,ODI,16,16,361,409.0,67.0,22.56,88.27,0,38,17,2.0,0,0.0,,,,
12068,Hazratullah Zazai,T20,45,45,1161,874.0,162.0,27.64,132.84,3,110,66,3.0,1,0.0,,,,
12068,Hazratullah Zazai,IPL,0,0,0,0.0,0.0,0.0,0.0,0,0,0,0.0,0,0.0,,,,
7698,Louis Burger,Test,0,0,0,0.0,0.0,0.0,0.0,0,0,0,0.0,0,0.0,,,,
7698,Louis Burger,ODI,6,6,11,62.0,5.0,2.2,17.75,1,1,0,0.0,0,0.0,,,,
7698,Louis Burger,T20,0,0,0,0.0,0.0,0.0,0.0,0,0,0,0.0,0,0.0,,,,
7698,Louis Burger,IPL,0,0,0,0.0,0.0,0.0,0.0,0,0,0,0.0,0,0.0,,,,
7700,Morne Karg,Test,0,0,0,0.0,0.0,0.0,0.0,0,0,0,0.0,0,0.0,,,,
7700,Morne Karg,ODI,3,2,45,65.0,41.0,22.5,69.24,0,4,1,0.0,0,0.0,,,,
7700,Morne Karg,T20,0,0,0,0.0,0.0,0.0,0.0,0,0,0,0.0,0,0.0,,,,
7700,Morne Karg,IPL,0,0,0,0.0,0.0,0.0,0.0,0,0,0,0.0,0,0.0,,,,
7696,Danie Keulder,Test,0,0,0,0.0,0.0,0.0,0.0,0,0,0,0.0,0,0.0,,,,
7696,Danie Keulder,ODI,6,6,132,220.0,52.0,22.0,60.0,0,11,0,1.0,0,0.0,,,,
7696,Danie Keulder,T20,0,0,0,0.0,0.0,0.0,0.0,0,0,0,0.0,0,0.0,,,,
7696,Danie Keulder,IPL,0,0,0,0.0,0.0,0.0,0.0,0,0,0,0.0,0,0.0,,,,
7703,Bjorn Kotze,Test,0,0,0,0.0,0.0,0.0,0.0,0,0,0,0.0,0,0.0,,,,
7703,Bjorn Kotze,ODI,5,4,27,51.0,24.0,9.0,52.95,1,3,0,0.0,0,0.0,,,,
7703,Bjorn Kotze,T20,0,0,0,0.0,0.0,0.0,0.0,0,0,0,0.0,0,0.0,,,,
7703,Bjorn Kotze,IPL,0,0,0,0.0,0.0,0.0,0.0,0,0,0,0.0,0,0.0,,,,
7699,Deon Kotze,Test,0,0,0,0.0,0.0,0.0,0.0,0,0,0,0.0,0,0.0,,,,
7699,Deon Kotze,ODI,6,6,82,135.0,27.0,16.4,60.75,1,3,1,0.0,0,0.0,,,,
7699,Deon Kotze,T20,0,0,0,0.0,0.0,0.0,0.0,0,0,0,0.0,0,0.0,,,,
7699,Deon Kotze,IPL,0,0,0,0.0,0.0,0.0,0.0,0,0,0,0.0,0,0.0,,,,
7702,Lennie Louw,Test,0,0,0,0.0,0.0,0.0,0.0,0,0,0,0.0,0,0.0,,,,
7702,Lennie Louw,ODI,1,0,0,0.0,0.0,0.0,0.0,0,0,0,0.0,0,0.0,,,,
7702,Lennie Louw,T20,0,0,0,0.0,0.0,0.0,0.0,0,0,0,0.0,0,0.0,,,,
7702,Lennie Louw,IPL,0,0,0,0.0,0.0,0.0,0.0,0,0,0,0.0,0,0.0,,,,
7704,Melt van Schoor,Test,0,0,0,0.0,0.0,0.0,0.0,0,0,0,0.0,0,0.0,,,,
7704,Melt van Schoor,ODI,5,5,58,111.0,24.0,14.5,52.26,1,3,1,0.0,0,0.0,,,,
7704,Melt van Schoor,T20,0,0,0,0.0,0.0,0.0,0.0,0,0,0,0.0,0,0.0,,,,
7704,Melt van Schoor,IPL,0,0,0,0.0,0.0,0.0,0.0,0,0,0,0.0,0,0.0,,,,
7705,Rudi van Vuuren,Test,0,0,0,0.0,0.0,0.0,0.0,0,0,0,0.0,0,0.0,,,,
7705,Rudi van Vuuren,ODI,5,5,26,38.0,14.0,8.67,68.43,2,2,1,0.0,0,0.0,,,,
7705,Rudi van Vuuren,T20,0,0,0,0.0,0.0,0.0,0.0,0,0,0,0.0,0,0.0,,,,
7705,Rudi van Vuuren,IPL,0,0,0,0.0,0.0,0.0,0.0,0,0,0,0.0,0,0.0,,,,
7693,Riaan Walters,Test,0,0,0,0.0,0.0,0.0,0.0,0,0,0,0.0,0,0.0,,,,
7693,Riaan Walters,ODI,2,2,0,5.0,0.0,0.0,0.0,0,0,0,0.0,0,0.0,,,,
7693,Riaan Walters,T20,0,0,0,0.0,0.0,0.0,0.0,0,0,0,0.0,0,0.0,,,,
7693,Riaan Walters,IPL,0,0,0,0.0,0.0,0.0,0.0,0,0,0,0.0,0,0.0,,,,
9906,Hiri Hiri,Test,0,0,0,0.0,0.0,0.0,0.0,0,0,0,0.0,0,0.0,,,,
9906,Hiri Hiri,ODI,34,34,454,815.0,77.0,15.13,55.71,4,31,5,1.0,0,0.0,,,,
9906,Hiri Hiri,T20,25,20,336,299.0,53.0,21.0,112.38,4,25,13,1.0,0,0.0,,,,
9906,Hiri Hiri,IPL,0,0,0,0.0,0.0,0.0,0.0,0,0,0,0.0,0,0.0,,,,
10113,Kila Pala,Test,0,0,0,0.0,0.0,0.0,0.0,0,0,0,0.0,0,0.0,,,,
10113,Kila Pala,ODI,0,0,0,0.0,0.0,0.0,0.0,0,0,0,0.0,0,0.0,,,,
10113,Kila Pala,T20,2,2,41,30.0,22.0,41.0,136.67,1,4,2,0.0,0,0.0,,,,
10113,Kila Pala,IPL,0,0,0,0.0,0.0,0.0,0.0,0,0,0,0.0,0,0.0,,,,
8467,Lega Siaka,Test,0,0,0,0.0,0.0,0.0,0.0,0,0,0,0.0,0,0.0,,,,
8467,Lega Siaka,ODI,48,48,958,1251.0,109.0,19.96,76.58,0,90,15,2.0,1,0.0,,,,
8467,Lega Siaka,T20,56,50,704,622.0,55.0,15.64,113.19,5,54,22,1.0,0,0.0,,,,
8467,Lega Siaka,IPL,0,0,0,0.0,0.0,0.0,0.0,0,0,0,0.0,0,0.0,,,,
10137,Ebrahim Aldhabyan,Test,0,0,0,0.0,0.0,0.0,0.0,0,0,0,0.0,0,0.0,,,,
10137,Ebrahim Aldhabyan,ODI,0,0,0,0.0,0.0,0.0,0.0,0,0,0,0.0,0,0.0,,,,
10137,Ebrahim Aldhabyan,T20,0,0,0,0.0,0.0,0.0,0.0,0,0,0,0.0,0,0.0,,,,
10137,Ebrahim Aldhabyan,IPL,0,0,0,0.0,0.0,0.0,0.0,0,0,0,0.0,0,0.0,,,,
10138,Ali Bushahri,Test,0,0,0,0.0,0.0,0.0,0.0,0,0,0,0.0,0,0.0,,,,
10138,Ali Bushahri,ODI,0,0,0,0.0,0.0,0.0,0.0,0,0,0,0.0,0,0.0,,,,
10138,Ali Bushahri,T20,0,0,0,0.0,0.0,0.0,0.0,0,0,0,0.0,0,0.0,,,,
10138,Ali Bushahri,IPL,0,0,0,0.0,0.0,0.0,0.0,0,0,0,0.0,0,0.0,,,,
10139,Ali Zainal,Test,0,0,0,0.0,0.0,0.0,0.0,0,0,0,0.0,0,0.0,,,,
10139,Ali Zainal,ODI,0,0,0,0.0,0.0,0.0,0.0,0,0,0,0.0,0,0.0,,,,
10139,Ali Zainal,T20,0,0,0,0.0,0.0,0.0,0.0,0,0,0,0.0,0,0.0,,,,
10139,Ali Zainal,IPL,0,0,0,0.0,0.0,0.0,0.0,0,0,0,0.0,0,0.0,,,,
10141,Alkandari Mohammad,Test,0,0,0,0.0,0.0,0.0,0.0,0,0,0,0.0,0,0.0,,,,
10141,Alkandari Mohammad,ODI,0,0,0,0.0,0.0,0.0,0.0,0,0,0,0.0,0,0.0,,,,
10141,Alkandari Mohammad,T20,0,0,0,0.0,0.0,0.0,0.0,0,0,0,0.0,0,0.0,,,,
10141,Alkandari Mohammad,IPL,0,0,0,0.0,0.0,0.0,0.0,0,0,0,0.0,0,0.0,,,,
10142,Alnadi Faleh,Test,0,0,0,0.0,0.0,0.0,0.0,0,0,0,0.0,0,0.0,,,,
10142,Alnadi Faleh,ODI,0,0,0,0.0,0.0,0.0,0.0,0,0,0,0.0,0,0.0,,,,
10142,Alnadi Faleh,T20,0,0,0,0.0,0.0,0.0,0.0,0,0,0,0.0,0,0.0,,,,
10142,Alnadi Faleh,IPL,0,0,0,0.0,0.0,0.0,0.0,0,0,0,0.0,0,0.0,,,,
10145,Bastaki Abdullah,Test,0,0,0,0.0,0.0,0.0,0.0,0,0,0,0.0,0,0.0,,,,
10145,Bastaki Abdullah,ODI,0,0,0,0.0,0.0,0.0,0.0,0,0,0,0.0,0,0.0,,,,
10145,Bastaki Abdullah,T20,0,0,0,0.0,0.0,0.0,0.0,0,0,0,0.0,0,0.0,,,,
10145,Bastaki Abdullah,IPL,0,0,0,0.0,0.0,0.0,0.0,0,0,0,0.0,0,0.0,,,,
10148,Beidas Tareq,Test,0,0,0,0.0,0.0,0.0,0.0,0,0,0,0.0,0,0.0,,,,
10148,Beidas Tareq,ODI,0,0,0,0.0,0.0,0.0,0.0,0,0,0,0.0,0,0.0,,,,
10148,Beidas Tareq,T20,0,0,0,0.0,0.0,0.0,0.0,0,0,0,0.0,0,0.0,,,,
10148,Beidas Tareq,IPL,0,0,0,0.0,0.0,0.0,0.0,0,0,0,0.0,0,0.0,,,,
10149,Eissa Jassim,Test,0,0,0,0.0,0.0,0.0,0.0,0,0,0,0.0,0,0.0,,,,
10149,Eissa Jassim,ODI,0,0,0,0.0,0.0,0.0,0.0,0,0,0,0.0,0,0.0,,,,
10149,Eissa Jassim,T20,0,0,0,0.0,0.0,0.0,0.0,0,0,0,0.0,0,0.0,,,,
10149,Eissa Jassim,IPL,0,0,0,0.0,0.0,0.0,0.0,0,0,0,0.0,0,0.0,,,,
10150,Salem Mishary,Test,0,0,0,0.0,0.0,0.0,0.0,0,0,0,0.0,0,0.0,,,,
10150,Salem Mishary,ODI,0,0,0,0.0,0.0,0.0,0.0,0,0,0,0.0,0,0.0,,,,
10150,Salem Mishary,T20,0,0,0,0.0,0.0,0.0,0.0,0,0,0,0.0,0,0.0,,,,
10150,Salem Mishary,IPL,0,0,0,0.0,0.0,0.0,0.0,0,0,0,0.0,0,0.0,,,,
10151,Yousif Alzaid,Test,0,0,0,0.0,0.0,0.0,0.0,0,0,0,0.0,0,0.0,,,,
10151,Yousif Alzaid,ODI,0,0,0,0.0,0.0,0.0,0.0,0,0,0,0.0,0,0.0,,,,
10151,Yousif Alzaid,T20,0,0,0,0.0,0.0,0.0,0.0,0,0,0,0.0,0,0.0,,,,
10151,Yousif Alzaid,IPL,0,0,0,0.0,0.0,0.0,0.0,0,0,0,0.0,0,0.0,,,,
10453,Jatinder Singh,Test,0,0,0,0.0,0.0,0.0,0.0,0,0,0,0.0,0,0.0,,,,
10453,Jatinder Singh,ODI,61,60,1704,2322.0,118.0,29.38,73.39,2,180,25,9.0,4,0.0,,,,
10453,Jatinder Singh,T20,64,64,1399,1180.0,73.0,24.54,118.56,7,147,29,8.0,0,0.0,,,,
10453,Jatinder Singh,IPL,0,0,0,0.0,0.0,0.0,0.0,0,0,0,0.0,0,0.0,,,,
10454,Arun Poulose,Test,0,0,0,0.0,0.0,0.0,0.0,0,0,0,0.0,0,0.0,,,,
10454,Arun Poulose,ODI,0,0,0,0.0,0.0,0.0,0.0,0,0,0,0.0,0,0.0,,,,
10454,Arun Poulose,T20,3,3,9,14.0,9.0,3.0,64.29,0,2,0,0.0,0,0.0,,,,
10454,Arun Poulose,IPL,0,0,0,0.0,0.0,0.0,0.0,0,0,0,0.0,0,0.0,,,,
10464,Mehran Khan,Test,0,0,0,0.0,0.0,0.0,0.0,0,0,0,0.0,0,0.0,,,,
10464,Mehran Khan,ODI,4,4,66,66.0,37.0,16.5,100.0,0,3,6,0.0,0,0.0,,,,
10464,Mehran Khan,T20,47,39,345,323.0,29.0,10.45,106.82,6,22,14,0.0,0,0.0,,,,
10464,Mehran Khan,IPL,0,0,0,0.0,0.0,0.0,0.0,0,0,0,0.0,0,0.0,,,,
10821,Swapnil Khadye,Test,0,0,0,0.0,0.0,0.0,0.0,0,0,0,0.0,0,0.0,,,,
10821,Swapnil Khadye,ODI,0,0,0,0.0,0.0,0.0,0.0,0,0,0,0.0,0,0.0,,,,
10821,Swapnil Khadye,T20,0,0,0,0.0,0.0,0.0,0.0,0,0,0,0.0,0,0.0,,,,
10821,Swapnil Khadye,IPL,0,0,0,0.0,0.0,0.0,0.0,0,0,0,0.0,0,0.0,,,,
10455,Vaibhav Wategaonkar,Test,0,0,0,0.0,0.0,0.0,0.0,0,0,0,0.0,0,0.0,,,,
10455,Vaibhav Wategaonkar,ODI,0,0,0,0.0,0.0,0.0,0.0,0,0,0,0.0,0,0.0,,,,
10455,Vaibhav Wategaonkar,T20,2,1,14,14.0,14.0,14.0,100.0,0,1,0,0.0,0,0.0,,,,
10455,Vaibhav Wategaonkar,IPL,0,0,0,0.0,0.0,0.0,0.0,0,0,0,0.0,0,0.0,,,,
10456,Zeeshan Siddiqui,Test,0,0,0,0.0,0.0,0.0,0.0,0,0,0,0.0,0,0.0,,,,
10456,Zeeshan Siddiqui,ODI,0,0,0,0.0,0.0,0.0,0.0,0,0,0,0.0,0,0.0,,,,
10456,Zeeshan Siddiqui,T20,5,5,60,63.0,33.0,15.0,95.24,1,7,0,0.0,0,0.0,,,,
10456,Zeeshan Siddiqui,IPL,0,0,0,0.0,0.0,0.0,0.0,0,0,0,0.0,0,0.0,,,,
14701,Nitish Kumar Reddy,Test,7,13,343,,,,0.0,0,0,0,,1,,0.0,0.0,0.0,1.0
14701,Nitish Kumar Reddy,ODI,0,0,0,,,,0.0,0,0,0,,0,,0.0,0.0,0.0,0.0
14701,Nitish Kumar Reddy,T20,4,3,90,,,,0.0,0,0,0,,0,,0.0,0.0,1.0,1.0
14701,Nitish Kumar Reddy,IPL,28,22,485,,,,0.0,0,0,0,,0,,0.0,0.0,2.0,1.0
9647,Hardik Pandya,Test,11,18,532,,,,0.0,0,0,0,,1,,0.0,0.0,4.0,2.0
9647,Hardik Pandya,ODI,94,68,1904,,,,0.0,0,0,0,,0,,0.0,0.0,11.0,4.0
9647,Hardik Pandya,T20,115,90,1812,,,,0.0,0,0,0,,0,,0.0,0.0,5.0,3.0
9647,Hardik Pandya,IPL,152,140,2749,,,,0.0,0,0,0,,0,,0.0,0.0,10.0,6.0
11195,Shivam Dube,Test,0,0,0,,,,0.0,0,0,0,,0,,0.0,0.0,0.0,0.0
11195,Shivam Dube,ODI,4,4,43,,,,0.0,0,0,0,,0,,0.0,0.0,0.0,1.0
11195,Shivam Dube,T20,36,26,531,,,,0.0,0,0,0,,0,,0.0,0.0,4.0,1.0
11195,Shivam Dube,IPL,79,75,1859,,,,0.0,0,0,0,,0,,0.0,0.0,10.0,3.0
12086,Abhishek Sharma,Test,0,0,0,,,,0.0,0,0,0,,0,,0.0,0.0,0.0,0.0
12086,Abhishek Sharma,ODI,0,0,0,,,,0.0,0,0,0,,0,,0.0,0.0,0.0,0.0
12086,Abhishek Sharma,T20,18,17,565,,,,0.0,0,0,0,,2,,0.0,0.0,2.0,1.0
12086,Abhishek Sharma,IPL,77,74,1815,,,,0.0,0,0,0,,1,,0.0,0.0,9.0,3.0
587,Ravindra Jadeja,Test,85,128,3886,,,,0.0,0,0,0,,5,,0.0,0.0,27.0,8.0
587,Ravindra Jadeja,ODI,204,137,2806,,,,0.0,0,0,0,,0,,0.0,0.0,13.0,6.0
587,Ravindra Jadeja,T20,74,41,515,,,,0.0,0,0,0,,0,,0.0,0.0,0.0,3.0
587,Ravindra Jadeja,IPL,254,198,3260,,,,0.0,0,0,0,,0,,0.0,0.0,5.0,9.0
8683,Shardul Thakur,Test,13,21,377,,,,0.0,0,0,0,,0,,0.0,0.0,4.0,3.0
8683,Shardul Thakur,ODI,47,25,329,,,,0.0,0,0,0,,0,,0.0,0.0,1.0,1.0
8683,Shardul Thakur,T20,25,6,69,,,,0.0,0,0,0,,0,,0.0,0.0,0.0,2.0
8683,Shardul Thakur,IPL,105,42,325,,,,0.0,0,0,0,,0,,0.0,0.0,1.0,8.0
10945,Washington Sundar,Test,13,24,752,,,,0.0,0,0,0,,1,,0.0,0.0,5.0,3.0
10945,Washington Sundar,ODI,23,15,329,,,,0.0,0,0,0,,0,,0.0,0.0,1.0,0.0
10945,Washington Sundar,T20,54,22,193,,,,0.0,0,0,0,,0,,0.0,0.0,1.0,4.0
10945,Washington Sundar,IPL,66,45,511,,,,0.0,0,0,0,,0,,0.0,0.0,0.0,2.0
8808,Axar Patel,Test,14,22,646,,,,0.0,0,0,0,,0,,0.0,0.0,4.0,1.0
8808,Axar Patel,ODI,68,47,783,,,,0.0,0,0,0,,0,,0.0,0.0,3.0,3.0
8808,Axar Patel,T20,72,44,535,,,,0.0,0,0,0,,0,,0.0,0.0,1.0,2.0
8808,Axar Patel,IPL,162,124,1916,,,,0.0,0,0,0,,0,,0.0,0.0,3.0,7.0
9812,Saud Shakeel,Test,19,36,1658,,,,0.0,0,0,0,,4,,0.0,0.0,9.0,2.0
9812,Saud Shakeel,ODI,19,16,408,,,,0.0,0,0,0,,0,,0.0,0.0,4.0,0.0
9812,Saud Shakeel,T20,0,0,0,,,,0.0,0,0,0,,0,,0.0,0.0,0.0,0.0
9812,Saud Shakeel,IPL,0,0,0,,,,0.0,0,0,0,,0,,0.0,0.0,0.0,0.0
9807,Kamran Ghulam,Test,6,11,312,,,,0.0,0,0,0,,1,,0.0,0.0,1.0,0.0
9807,Kamran Ghulam,ODI,10,7,210,,,,0.0,0,0,0,,1,,0.0,0.0,1.0,1.0
9807,Kamran Ghulam,T20,0,0,0,,,,0.0,0,0,0,,0,,0.0,0.0,0.0,0.0
9807,Kamran Ghulam,IPL,0,0,0,,,,0.0,0,0,0,,0,,0.0,0.0,0.0,0.0
10101,Salman Agha,Test,21,40,1317,,,,0.0,0,0,0,,3,,0.0,0.0,9.0,2.0
10101,Salman Agha,ODI,41,34,1116,,,,0.0,0,0,0,,1,,0.0,0.0,6.0,0.0
10101,Salman Agha,T20,26,24,489,,,,0.0,0,0,0,,0,,0.0,0.0,4.0,2.0
10101,Salman Agha,IPL,0,0,0,,,,0.0,0,0,0,,0,,0.0,0.0,0.0,0.0
15460,Irfan Khan,Test,0,0,0,,,,0.0,0,0,0,,0,,0.0,0.0,0.0,0.0
15460,Irfan Khan,ODI,9,6,48,,,,0.0,0,0,0,,0,,0.0,0.0,0.0,1.0
15460,Irfan Khan,T20,14,11,189,,,,0.0,0,0,0,,0,,0.0,0.0,0.0,1.0
15460,Irfan Khan,IPL,0,0,0,,,,0.0,0,0,0,,0,,0.0,0.0,0.0,0.0
9804,Hussain Talat,Test,0,0,0,,,,0.0,0,0,0,,0,,0.0,0.0,0.0,0.0
9804,Hussain Talat,ODI,4,4,75,,,,0.0,0,0,0,,0,,0.0,0.0,0.0,0.0
9804,Hussain Talat,T20,19,18,395,,,,0.0,0,0,0,,0,,0.0,0.0,2.0,1.0
9804,Hussain Talat,IPL,0,0,0,,,,0.0,0,0,0,,0,,0.0,0.0,0.0,0.0
14545,Noman Ali,Test,19,26,368,,,,0.0,0,0,0,,0,,0.0,0.0,1.0,6.0
14545,Noman Ali,ODI,0,0,0,,,,0.0,0,0,0,,0,,0.0,0.0,0.0,0.0
14545,Noman Ali,T20,0,0,0,,,,0.0,0,0,0,,0,,0.0,0.0,0.0,0.0
14545,Noman Ali,IPL,0,0,0,,,,0.0,0,0,0,,0,,0.0,0.0,0.0,0.0
11265,Faheem Ashraf,Test,17,27,687,,,,0.0,0,0,0,,0,,0.0,0.0,4.0,4.0
11265,Faheem Ashraf,ODI,38,27,322,,,,0.0,0,0,0,,0,,0.0,0.0,1.0,2.0
11265,Faheem Ashraf,T20,63,46,476,,,,0.0,0,0,0,,0,,0.0,0.0,1.0,5.0
11265,Faheem Ashraf,IPL,0,0,0,,,,0.0,0,0,0,,0,,0.0,0.0,0.0,0.0
11186,Shadab Khan,Test,6,11,300,,,,0.0,0,0,0,,0,,0.0,0.0,3.0,0.0
11186,Shadab Khan,ODI,70,44,855,,,,0.0,0,0,0,,0,,0.0,0.0,4.0,3.0
11186,Shadab Khan,T20,112,58,792,,,,0.0,0,0,0,,0,,0.0,0.0,1.0,6.0
11186,Shadab Khan,IPL,0,0,0,,,,0.0,0,0,0,,0,,0.0,0.0,0.0,0.0
55256,Jahandad Khan,Test,0,0,0,,,,0.0,0,0,0,,0,,0.0,0.0,0.0,0.0
55256,Jahandad Khan,ODI,0,0,0,,,,0.0,0,0,0,,0,,0.0,0.0,0.0,0.0
55256,Jahandad Khan,T20,8,5,29,,,,0.0,0,0,0,,0,,0.0,0.0,0.0,1.0
55256,Jahandad Khan,IPL,0,0,0,,,,0.0,0,0,0,,0,,0.0,0.0,0.0,0.0
12225,Cameron Green,Test,32,51,1565,,,,0.0,0,0,0,,2,,0.0,0.0,7.0,4.0
12225,Cameron Green,ODI,31,27,782,,,,0.0,0,0,0,,1,,0.0,0.0,2.0,1.0
12225,Cameron Green,T20,21,20,521,,,,0.0,0,0,0,,0,,0.0,0.0,6.0,0.0
12225,Cameron Green,IPL,29,28,707,,,,0.0,0,0,0,,1,,0.0,0.0,2.0,0.0
52495,Sam Konstas,Test,5,10,163,,,,0.0,0,0,0,,0,,0.0,0.0,1.0,2.0
52495,Sam Konstas,ODI,0,0,0,,,,0.0,0,0,0,,0,,0.0,0.0,0.0,0.0
52495,Sam Konstas,T20,0,0,0,,,,0.0,0,0,0,,0,,0.0,0.0,0.0,0.0
52495,Sam Konstas,IPL,0,0,0,,,,0.0,0,0,0,,0,,0.0,0.0,0.0,0.0
8646,Beau Webster,Test,7,12,381,,,,0.0,0,0,0,,0,,0.0,0.0,4.0,0.0
8646,Beau Webster,ODI,0,0,0,,,,0.0,0,0,0,,0,,0.0,0.0,0.0,0.0
8646,Beau Webster,T20,0,0,0,,,,0.0,0,0,0,,0,,0.0,0.0,0.0,0.0
8646,Beau Webster,IPL,0,0,0,,,,0.0,0,0,0,,0,,0.0,0.0,0.0,0.0
13170,Aaron Hardie,Test,0,0,0,,,,0.0,0,0,0,,0,,0.0,0.0,0.0,0.0
13170,Aaron Hardie,ODI,15,12,180,,,,0.0,0,0,0,,0,,0.0,0.0,0.0,1.0
13170,Aaron Hardie,T20,16,11,180,,,,0.0,0,0,0,,0,,0.0,0.0,0.0,0.0
13170,Aaron Hardie,IPL,0,0,0,,,,0.0,0,0,0,,0,,0.0,0.0,0.0,0.0
7662,Glenn Maxwell,Test,7,14,339,,,,0.0,0,0,0,,1,,0.0,0.0,0.0,0.0
7662,Glenn Maxwell,ODI,149,136,3990,,,,0.0,0,0,0,,4,,0.0,0.0,23.0,12.0
7662,Glenn Maxwell,T20,124,114,2833,,,,0.0,0,0,0,,5,,0.0,0.0,12.0,5.0
7662,Glenn Maxwell,IPL,141,135,2819,,,,0.0,0,0,0,,0,,0.0,0.0,18.0,19.0
6250,Mitchell Marsh,Test,46,80,2083,,,,0.0,0,0,0,,3,,0.0,0.0,9.0,9.0
6250,Mitchell Marsh,ODI,96,92,3000,,,,0.0,0,0,0,,4,,0.0,0.0,20.0,7.0
6250,Mitchell Marsh,T20,73,70,1799,,,,0.0,0,0,0,,0,,0.0,0.0,10.0,3.0
6250,Mitchell Marsh,IPL,55,49,1292,,,,0.0,0,0,0,,1,,0.0,0.0,9.0,7.0
1629,Angelo Mathews,Test,119,212,8214,,,,0.0,0,0,0,,16,,0.0,0.0,45.0,6.0
1629,Angelo Mathews,ODI,226,194,5916,,,,0.0,0,0,0,,3,,0.0,0.0,40.0,16.0
1629,Angelo Mathews,T20,90,73,1416,,,,0.0,0,0,0,,0,,0.0,0.0,6.0,1.0
1629,Angelo Mathews,IPL,49,42,724,,,,0.0,0,0,0,,0,,0.0,0.0,1.0,3.0
10940,Kamindu Mendis,Test,14,24,1316,,,,0.0,0,0,0,,5,,0.0,0.0,5.0,0.0
10940,Kamindu Mendis,ODI,24,23,464,,,,0.0,0,0,0,,0,,0.0,0.0,3.0,2.0
10940,Kamindu Mendis,T20,27,24,443,,,,0.0,0,0,0,,0,,0.0,0.0,2.0,3.0
10940,Kamindu Mendis,IPL,5,5,92,,,,0.0,0,0,0,,0,,0.0,0.0,0.0,1.0
7872,Dhananjaya de Silva,Test,65,115,4133,,,,0.0,0,0,0,,12,,0.0,0.0,19.0,10.0
7872,Dhananjaya de Silva,ODI,90,82,1865,,,,0.0,0,0,0,,0,,0.0,0.0,10.0,4.0
7872,Dhananjaya de Silva,T20,45,44,847,,,,0.0,0,0,0,,0,,0.0,0.0,3.0,2.0
7872,Dhananjaya de Silva,IPL,0,0,0,,,,0.0,0,0,0,,0,,0.0,0.0,0.0,0.0
10934,Charith Asalanka,Test,3,6,88,,,,0.0,0,0,0,,0,,0.0,0.0,0.0,0.0
10934,Charith Asalanka,ODI,78,70,2621,,,,0.0,0,0,0,,5,,0.0,0.0,17.0,5.0
10934,Charith Asalanka,T20,64,62,1282,,,,0.0,0,0,0,,0,,0.0,0.0,6.0,7.0
10934,Charith Asalanka,IPL,0,0,0,,,,0.0,0,0,0,,0,,0.0,0.0,0.0,0.0
13694,Janith Liyanage,Test,0,0,0,,,,0.0,0,0,0,,0,,0.0,0.0,0.0,0.0
13694,Janith Liyanage,ODI,28,22,812,,,,0.0,0,0,0,,1,,0.0,0.0,6.0,0.0
13694,Janith Liyanage,T20,3,3,28,,,,0.0,0,0,0,,0,,0.0,0.0,0.0,0.0
13694,Janith Liyanage,IPL,0,0,0,,,,0.0,0,0,0,,0,,0.0,0.0,0.0,0.0
13930,Sonal Dinusha,Test,1,1,11,,,,0.0,0,0,0,,0,,0.0,0.0,0.0,0.0
13930,Sonal Dinusha,ODI,0,0,0,,,,0.0,0,0,0,,0,,0.0,0.0,0.0,0.0
13930,Sonal Dinusha,T20,0,0,0,,,,0.0,0,0,0,,0,,0.0,0.0,0.0,0.0
13930,Sonal Dinusha,IPL,0,0,0,,,,0.0,0,0,0,,0,,0.0,0.0,0.0,0.0
18515,Tharindu Rathnayake,Test,2,2,10,,,,0.0,0,0,0,,0,,0.0,0.0,0.0,1.0
18515,Tharindu Rathnayake,ODI,0,0,0,,,,0.0,0,0,0,,0,,0.0,0.0,0.0,0.0
18515,Tharindu Rathnayake,T20,0,0,0,,,,0.0,0,0,0,,0,,0.0,0.0,0.0,0.0
18515,Tharindu Rathnayake,IPL,0,0,0,,,,0.0,0,0,0,,0,,0.0,0.0,0.0,0.0
39678,Milan Priyanath Rathnayake,Test,5,6,190,,,,0.0,0,0,0,,0,,0.0,0.0,1.0,0.0
39678,Milan Priyanath Rathnayake,ODI,1,1,22,,,,0.0,0,0,0,,0,,0.0,0.0,0.0,0.0
39678,Milan Priyanath Rathnayake,T20,0,0,0,,,,0.0,0,0,0,,0,,0.0,0.0,0.0,0.0
39678,Milan Priyanath Rathnayake,IPL,0,0,0,,,,0.0,0,0,0,,0,,0.0,0.0,0.0,0.0
14251,Dunith Wellalage,Test,1,2,29,,,,0.0,0,0,0,,0,,0.0,0.0,0.0,0.0
14251,Dunith Wellalage,ODI,31,24,386,,,,0.0,0,0,0,,0,,0.0,0.0,1.0,3.0
14251,Dunith Wellalage,T20,4,2,12,,,,0.0,0,0,0,,0,,0.0,0.0,0.0,0.0
14251,Dunith Wellalage,IPL,0,0,0,,,,0.0,0,0,0,,0,,0.0,0.0,0.0,0.0
10926,Wanindu Hasaranga,Test,4,7,196,,,,0.0,0,0,0,,0,,0.0,0.0,1.0,0.0
10926,Wanindu Hasaranga,ODI,66,54,1030,,,,0.0,0,0,0,,0,,0.0,0.0,4.0,3.0
10926,Wanindu Hasaranga,T20,79,67,712,,,,0.0,0,0,0,,0,,0.0,0.0,2.0,8.0
10926,Wanindu Hasaranga,IPL,37,19,81,,,,0.0,0,0,0,,0,,0.0,0.0,0.0,5.0
1121,Mahmudullah,Test,50,94,2914,,,,0.0,0,0,0,,5,,0.0,0.0,16.0,11.0
1121,Mahmudullah,ODI,239,209,5689,,,,0.0,0,0,0,,4,,0.0,0.0,32.0,10.0
1121,Mahmudullah,T20,141,130,2443,,,,0.0,0,0,0,,0,,0.0,0.0,8.0,5.0
1121,Mahmudullah,IPL,0,0,0,,,,0.0,0,0,0,,0,,0.0,0.0,0.0,0.0
11871,Mahedi Hasan,Test,0,0,0,,,,0.0,0,0,0,,0,,0.0,0.0,0.0,0.0
11871,Mahedi Hasan,ODI,11,10,122,,,,0.0,0,0,0,,0,,0.0,0.0,0.0,0.0
11871,Mahedi Hasan,T20,64,43,401,,,,0.0,0,0,0,,0,,0.0,0.0,0.0,8.0
11871,Mahedi Hasan,IPL,0,0,0,,,,0.0,0,0,0,,0,,0.0,0.0,0.0,0.0
11081,Mehidy Hasan Miraz,Test,54,98,2110,,,,0.0,0,0,0,,2,,0.0,0.0,9.0,6.0
11081,Mehidy Hasan Miraz,ODI,108,79,1654,,,,0.0,0,0,0,,2,,0.0,0.0,6.0,5.0
11081,Mehidy Hasan Miraz,T20,34,29,418,,,,0.0,0,0,0,,0,,0.0,0.0,0.0,2.0
11081,Mehidy Hasan Miraz,IPL,0,0,0,,,,0.0,0,0,0,,0,,0.0,0.0,0.0,0.0
10038,Fayyaz Ahmed,Test,0,0,0,,,,0.0,0,0,0,,0,,0.0,0.0,0.0,0.0
10038,Fayyaz Ahmed,ODI,3,3,47,,,,0.0,0,0,0,,0,,0.0,0.0,0.0,0.0
10038,Fayyaz Ahmed,T20,1,1,11,,,,0.0,0,0,0,,0,,0.0,0.0,0.0,0.0
10038,Fayyaz Ahmed,IPL,0,0,0,,,,0.0,0,0,0,,0,,0.0,0.0,0.0,0.0
9835,Rohan Mustafa,Test,0,0,0,,,,0.0,0,0,0,,0,,0.0,0.0,0.0,0.0
9835,Rohan Mustafa,ODI,82,76,1508,,,,0.0,0,0,0,,1,,0.0,0.0,7.0,8.0
9835,Rohan Mustafa,T20,57,52,1002,,,,0.0,0,0,0,,0,,0.0,0.0,4.0,7.0
9835,Rohan Mustafa,IPL,0,0,0,,,,0.0,0,0,0,,0,,0.0,0.0,0.0,0.0
9832,Mohammad Naveed,Test,0,0,0,,,,0.0,0,0,0,,0,,0.0,0.0,0.0,0.0
9832,Mohammad Naveed,ODI,40,35,401,,,,0.0,0,0,0,,0,,0.0,0.0,0.0,2.0
9832,Mohammad Naveed,T20,30,23,172,,,,0.0,0,0,0,,0,,0.0,0.0,0.0,3.0
9832,Mohammad Naveed,IPL,0,0,0,,,,0.0,0,0,0,,0,,0.0,0.0,0.0,0.0
9975,Aizaz Khan,Test,0,0,0,,,,0.0,0,0,0,,0,,0.0,0.0,0.0,0.0
9975,Aizaz Khan,ODI,19,15,260,,,,0.0,0,0,0,,0,,0.0,0.0,0.0,1.0
9975,Aizaz Khan,T20,93,80,994,,,,0.0,0,0,0,,0,,0.0,0.0,0.0,7.0
9975,Aizaz Khan,IPL,0,0,0,,,,0.0,0,0,0,,0,,0.0,0.0,0.0,0.0
9980,Nizakat Khan,Test,0,0,0,,,,0.0,0,0,0,,0,,0.0,0.0,0.0,0.0
9980,Nizakat Khan,ODI,20,20,675,,,,0.0,0,0,0,,0,,0.0,0.0,3.0,0.0
9980,Nizakat Khan,T20,117,113,2308,,,,0.0,0,0,0,,0,,0.0,0.0,11.0,9.0
9980,Nizakat Khan,IPL,0,0,0,,,,0.0,0,0,0,,0,,0.0,0.0,0.0,0.0
9982,Tanwir Afzal,Test,0,0,0,,,,0.0,0,0,0,,0,,0.0,0.0,0.0,0.0
9982,Tanwir Afzal,ODI,20,19,292,,,,0.0,0,0,0,,0,,0.0,0.0,1.0,3.0
9982,Tanwir Afzal,T20,21,18,219,,,,0.0,0,0,0,,0,,0.0,0.0,1.0,4.0
9982,Tanwir Afzal,IPL,0,0,0,,,,0.0,0,0,0,,0,,0.0,0.0,0.0,0.0
6557,Ben Stokes,Test,115,206,7032,,,,0.0,0,0,0,,14,,0.0,0.0,35.0,16.0
6557,Ben Stokes,ODI,114,99,3463,,,,0.0,0,0,0,,5,,0.0,0.0,24.0,7.0
6557,Ben Stokes,T20,43,36,585,,,,0.0,0,0,0,,0,,0.0,0.0,1.0,1.0
6557,Ben Stokes,IPL,45,44,935,,,,0.0,0,0,0,,2,,0.0,0.0,2.0,3.0
19636,Jacob Bethell,Test,4,8,271,,,,0.0,0,0,0,,0,,0.0,0.0,3.0,0.0
19636,Jacob Bethell,ODI,15,13,486,,,,0.0,0,0,0,,1,,0.0,0.0,4.0,1.0
19636,Jacob Bethell,T20,15,14,314,,,,0.0,0,0,0,,0,,0.0,0.0,2.0,0.0
19636,Jacob Bethell,IPL,2,2,67,,,,0.0,0,0,0,,0,,0.0,0.0,1.0,0.0
12258,Will Jacks,Test,2,4,89,,,,0.0,0,0,0,,0,,0.0,0.0,0.0,0.0
12258,Will Jacks,ODI,21,20,621,,,,0.0,0,0,0,,0,,0.0,0.0,4.0,2.0
12258,Will Jacks,T20,28,24,400,,,,0.0,0,0,0,,0,,0.0,0.0,0.0,1.0
12258,Will Jacks,IPL,21,19,463,,,,0.0,0,0,0,,1,,0.0,0.0,2.0,0.0
10045,Liam Livingstone,Test,1,2,16,,,,0.0,0,0,0,,0,,0.0,0.0,0.0,0.0
10045,Liam Livingstone,ODI,39,36,932,,,,0.0,0,0,0,,1,,0.0,0.0,4.0,4.0
10045,Liam Livingstone,T20,60,47,955,,,,0.0,0,0,0,,1,,0.0,0.0,2.0,3.0
10045,Liam Livingstone,IPL,49,47,1051,,,,0.0,0,0,0,,0,,0.0,0.0,7.0,3.0
6670,Chris Woakes,Test,62,99,2034,,,,0.0,0,0,0,,1,,0.0,0.0,7.0,11.0
6670,Chris Woakes,ODI,122,88,1524,,,,0.0,0,0,0,,0,,0.0,0.0,6.0,8.0
6670,Chris Woakes,T20,33,17,146,,,,0.0,0,0,0,,0,,0.0,0.0,0.0,2.0
6670,Chris Woakes,IPL,21,12,78,,,,0.0,0,0,0,,0,,0.0,0.0,0.0,0.0
8512,Jamie Overton,Test,2,3,106,,,,0.0,0,0,0,,0,,0.0,0.0,1.0,1.0
8512,Jamie Overton,ODI,7,6,82,,,,0.0,0,0,0,,0,,0.0,0.0,0.0,1.0
8512,Jamie Overton,T20,13,8,50,,,,0.0,0,0,0,,0,,0.0,0.0,0.0,1.0
8512,Jamie Overton,IPL,3,2,15,,,,0.0,0,0,0,,0,,0.0,0.0,0.0,0.0
13681,Gus Atkinson,Test,13,18,380,,,,0.0,0,0,0,,1,,0.0,0.0,0.0,1.0
13681,Gus Atkinson,ODI,11,8,104,,,,0.0,0,0,0,,0,,0.0,0.0,0.0,1.0
13681,Gus Atkinson,T20,4,2,10,,,,0.0,0,0,0,,0,,0.0,0.0,0.0,0.0
13681,Gus Atkinson,IPL,0,0,0,,,,0.0,0,0,0,,0,,0.0,0.0,0.0,0.0
19767,Rehan Ahmed,Test,5,10,103,,,,0.0,0,0,0,,0,,0.0,0.0,0.0,1.0
19767,Rehan Ahmed,ODI,6,4,35,,,,0.0,0,0,0,,0,,0.0,0.0,0.0,0.0
19767,Rehan Ahmed,T20,10,6,38,,,,0.0,0,0,0,,0,,0.0,0.0,0.0,1.0
19767,Rehan Ahmed,IPL,0,0,0,,,,0.0,0,0,0,,0,,0.0,0.0,0.0,0.0
10420,Sam Curran,Test,24,38,815,,,,0.0,0,0,0,,0,,0.0,0.0,3.0,7.0
10420,Sam Curran,ODI,35,27,597,,,,0.0,0,0,0,,0,,0.0,0.0,2.0,1.0
10420,Sam Curran,T20,60,35,366,,,,0.0,0,0,0,,0,,0.0,0.0,1.0,0.0
10420,Sam Curran,IPL,64,53,997,,,,0.0,0,0,0,,0,,0.0,0.0,6.0,4.0
11217,Keacy Carty,Test,7,14,235,,,,0.0,0,0,0,,0,,0.0,0.0,0.0,2.0
11217,Keacy Carty,ODI,40,37,1495,,,,0.0,0,0,0,,4,,0.0,0.0,5.0,1.0
11217,Keacy Carty,T20,4,3,53,,,,0.0,0,0,0,,0,,0.0,0.0,0.0,0.0
11217,Keacy Carty,IPL,0,0,0,,,,0.0,0,0,0,,0,,0.0,0.0,0.0,0.0
8433,Justin Greaves,Test,9,18,305,,,,0.0,0,0,0,,1,,0.0,0.0,0.0,0.0
8433,Justin Greaves,ODI,15,14,315,,,,0.0,0,0,0,,0,,0.0,0.0,1.0,0.0
8433,Justin Greaves,T20,1,1,6,,,,0.0,0,0,0,,0,,0.0,0.0,0.0,0.0
8433,Justin Greaves,IPL,0,0,0,,,,0.0,0,0,0,,0,,0.0,0.0,0.0,0.0
13748,Sherfane Rutherford,Test,0,0,0,,,,0.0,0,0,0,,0,,0.0,0.0,0.0,0.0
13748,Sherfane Rutherford,ODI,16,14,637,,,,0.0,0,0,0,,1,,0.0,0.0,6.0,0.0
13748,Sherfane Rutherford,T20,39,34,586,,,,0.0,0,0,0,,0,,0.0,0.0,3.0,4.0
13748,Sherfane Rutherford,IPL,23,20,397,,,,0.0,0,0,0,,0,,0.0,0.0,0.0,1.0
8431,John Campbell,Test,23,46,994,,,,0.0,0,0,0,,0,,0.0,0.0,3.0,4.0
8431,John Campbell,ODI,6,5,248,,,,0.0,0,0,0,,1,,0.0,0.0,0.0,0.0
8431,John Campbell,T20,2,2,11,,,,0.0,0,0,0,,0,,0.0,0.0,0.0,1.0
8431,John Campbell,IPL,0,0,0,,,,0.0,0,0,0,,0,,0.0,0.0,0.0,0.0
9793,Gudakesh Motie,Test,11,17,265,,,,0.0,0,0,0,,0,,0.0,0.0,1.0,2.0
9793,Gudakesh Motie,ODI,31,19,332,,,,0.0,0,0,0,,0,,0.0,0.0,2.0,1.0
9793,Gudakesh Motie,T20,39,20,163,,,,0.0,0,0,0,,0,,0.0,0.0,0.0,3.0
9793,Gudakesh Motie,IPL,0,0,0,,,,0.0,0,0,0,,0,,0.0,0.0,0.0,0.0
11543,Roston Chase,Test,52,96,2379,,,,0.0,0,0,0,,5,,0.0,0.0,11.0,13.0
11543,Roston Chase,ODI,63,48,1091,,,,0.0,0,0,0,,0,,0.0,0.0,6.0,5.0
11543,Roston Chase,T20,42,32,552,,,,0.0,0,0,0,,0,,0.0,0.0,3.0,5.0
11543,Roston Chase,IPL,0,0,0,,,,0.0,0,0,0,,0,,0.0,0.0,0.0,0.0
13646,Romario Shepherd,Test,0,0,0,,,,0.0,0,0,0,,0,,0.0,0.0,0.0,0.0
13646,Romario Shepherd,ODI,39,27,408,,,,0.0,0,0,0,,0,,0.0,0.0,1.0,3.0
13646,Romario Shepherd,T20,63,44,667,,,,0.0,0,0,0,,0,,0.0,0.0,0.0,4.0
13646,Romario Shepherd,IPL,18,12,185,,,,0.0,0,0,0,,0,,0.0,0.0,1.0,2.0
8313,Jason Holder,Test,69,123,3073,,,,0.0,0,0,0,,3,,0.0,0.0,14.0,11.0
8313,Jason Holder,ODI,138,114,2237,,,,0.0,0,0,0,,0,,0.0,0.0,12.0,11.0
8313,Jason Holder,T20,75,55,672,,,,0.0,0,0,0,,0,,0.0,0.0,0.0,9.0
8313,Jason Holder,IPL,46,27,259,,,,0.0,0,0,0,,0,,0.0,0.0,0.0,2.0
7736,Andre Russell,Test,1,1,2,,,,0.0,0,0,0,,0,,0.0,0.0,0.0,0.0
7736,Andre Russell,ODI,56,47,1034,,,,0.0,0,0,0,,0,,0.0,0.0,4.0,6.0
7736,Andre Russell,T20,86,75,1122,,,,0.0,0,0,0,,0,,0.0,0.0,3.0,9.0
7736,Andre Russell,IPL,139,115,2651,,,,0.0,0,0,0,,0,,0.0,0.0,12.0,6.0
11432,Senuran Muthusamy,Test,5,7,173,,,,0.0,0,0,0,,0,,0.0,0.0,1.0,0.0
11432,Senuran Muthusamy,ODI,5,4,22,,,,0.0,0,0,0,,0,,0.0,0.0,0.0,0.0
11432,Senuran Muthusamy,T20,5,5,24,,,,0.0,0,0,0,,0,,0.0,0.0,0.0,1.0
11432,Senuran Muthusamy,IPL,0,0,0,,,,0.0,0,0,0,,0,,0.0,0.0,0.0,0.0
18142,Lesego Senokwane,Test,1,1,3,,,,0.0,0,0,0,,0,,0.0,0.0,0.0,0.0
18142,Lesego Senokwane,ODI,0,0,0,,,,0.0,0,0,0,,0,,0.0,0.0,0.0,0.0
18142,Lesego Senokwane,T20,0,0,0,,,,0.0,0,0,0,,0,,0.0,0.0,0.0,0.0
18142,Lesego Senokwane,IPL,0,0,0,,,,0.0,0,0,0,,0,,0.0,0.0,0.0,0.0
14565,Marco Jansen,Test,18,28,506,,,,0.0,0,0,0,,0,,0.0,0.0,3.0,3.0
14565,Marco Jansen,ODI,29,24,464,,,,0.0,0,0,0,,0,,0.0,0.0,1.0,2.0
14565,Marco Jansen,T20,19,14,167,,,,0.0,0,0,0,,0,,0.0,0.0,1.0,2.0
14565,Marco Jansen,IPL,35,21,141,,,,0.0,0,0,0,,0,,0.0,0.0,0.0,3.0
11200,Wiaan Mulder,Test,21,34,1153,,,,0.0,0,0,0,,3,,0.0,0.0,1.0,3.0
11200,Wiaan Mulder,ODI,30,24,338,,,,0.0,0,0,0,,0,,0.0,0.0,2.0,2.0
11200,Wiaan Mulder,T20,11,8,105,,,,0.0,0,0,0,,0,,0.0,0.0,0.0,1.0
11200,Wiaan Mulder,IPL,1,1,9,,,,0.0,0,0,0,,0,,0.0,0.0,0.0,0.0
9576,Corbin Bosch,Test,3,4,217,,,,0.0,0,0,0,,1,,0.0,0.0,1.0,1.0
9576,Corbin Bosch,ODI,6,5,124,,,,0.0,0,0,0,,0,,0.0,0.0,0.0,0.0
9576,Corbin Bosch,T20,8,6,37,,,,0.0,0,0,0,,0,,0.0,0.0,0.0,1.0
9576,Corbin Bosch,IPL,3,2,47,,,,0.0,0,0,0,,0,,0.0,0.0,0.0,0.0
8530,Prenelan Subrayen,Test,1,0,0,,,,0.0,0,0,0,,0,,0.0,0.0,0.0,0.0
8530,Prenelan Subrayen,ODI,1,1,1,,,,0.0,0,0,0,,0,,0.0,0.0,0.0,0.0
8530,Prenelan Subrayen,T20,0,0,0,,,,0.0,0,0,0,,0,,0.0,0.0,0.0,0.0
8530,Prenelan Subrayen,IPL,0,0,0,,,,0.0,0,0,0,,0,,0.0,0.0,0.0,0.0
24546,Codi Yusuf,Test,2,2,35,,,,0.0,0,0,0,,0,,0.0,0.0,0.0,0.0
24546,Codi Yusuf,ODI,1,1,5,,,,0.0,0,0,0,,0,,0.0,0.0,0.0,0.0
24546,Codi Yusuf,T20,0,0,0,,,,0.0,0,0,0,,0,,0.0,0.0,0.0,0.0
24546,Codi Yusuf,IPL,0,0,0,,,,0.0,0,0,0,,0,,0.0,0.0,0.0,0.0
9354,Sikandar Raza,Test,21,41,1369,,,,0.0,0,0,0,,1,,0.0,0.0,10.0,3.0
9354,Sikandar Raza,ODI,153,144,4476,,,,0.0,0,0,0,,7,,0.0,0.0,24.0,3.0
9354,Sikandar Raza,T20,112,107,2545,,,,0.0,0,0,0,,1,,0.0,0.0,15.0,8.0
9354,Sikandar Raza,IPL,9,9,182,,,,0.0,0,0,0,,0,,0.0,0.0,1.0,0.0
441,Sean Williams,Test,24,47,1946,,,,0.0,0,0,0,,6,,0.0,0.0,7.0,0.0
441,Sean Williams,ODI,164,159,5217,,,,0.0,0,0,0,,8,,0.0,0.0,37.0,9.0
441,Sean Williams,T20,84,83,1728,,,,0.0,0,0,0,,0,,0.0,0.0,11.0,7.0
441,Sean Williams,IPL,0,0,0,,,,0.0,0,0,0,,0,,0.0,0.0,0.0,0.0
19601,Takudzwanashe Kaitano,Test,6,12,258,,,,0.0,0,0,0,,0,,0.0,0.0,1.0,3.0
19601,Takudzwanashe Kaitano,ODI,11,11,157,,,,0.0,0,0,0,,0,,0.0,0.0,0.0,2.0
19601,Takudzwanashe Kaitano,T20,0,0,0,,,,0.0,0,0,0,,0,,0.0,0.0,0.0,0.0
19601,Takudzwanashe Kaitano,IPL,0,0,0,,,,0.0,0,0,0,,0,,0.0,0.0,0.0,0.0
23616,Brian Bennett,Test,10,18,503,,,,0.0,0,0,0,,2,,0.0,0.0,2.0,3.0
23616,Brian Bennett,ODI,11,11,348,,,,0.0,0,0,0,,1,,0.0,0.0,0.0,3.0
23616,Brian Bennett,T20,42,40,1010,,,,0.0,0,0,0,,0,,0.0,0.0,6.0,4.0
23616,Brian Bennett,IPL,0,0,0,,,,0.0,0,0,0,,0,,0.0,0.0,0.0,0.0
11226,Wessly Madhevere,Test,8,15,244,,,,0.0,0,0,0,,0,,0.0,0.0,1.0,6.0
11226,Wessly Madhevere,ODI,40,37,782,,,,0.0,0,0,0,,0,,0.0,0.0,6.0,1.0
11226,Wessly Madhevere,T20,79,73,1255,,,,0.0,0,0,0,,0,,0.0,0.0,7.0,7.0
11226,Wessly Madhevere,IPL,0,0,0,,,,0.0,0,0,0,,0,,0.0,0.0,0.0,0.0
1450665,Vincent Masekesa,Test,4,8,38,,,,0.0,0,0,0,,0,,0.0,0.0,0.0,0.0
1450665,Vincent Masekesa,ODI,0,0,0,,,,0.0,0,0,0,,0,,0.0,0.0,0.0,0.0
1450665,Vincent Masekesa,T20,0,0,0,,,,0.0,0,0,0,,0,,0.0,0.0,0.0,0.0
1450665,Vincent Masekesa,IPL,0,0,0,,,,0.0,0,0,0,,0,,0.0,0.0,0.0,0.0
41442,Muhammad Abbas,Test,0,0,0,,,,0.0,0,0,0,,0,,0.0,0.0,0.0,0.0
41442,Muhammad Abbas,ODI,3,3,104,,,,0.0,0,0,0,,0,,0.0,0.0,1.0,0.0
41442,Muhammad Abbas,T20,0,0,0,,,,0.0,0,0,0,,0,,0.0,0.0,0.0,0.0
41442,Muhammad Abbas,IPL,0,0,0,,,,0.0,0,0,0,,0,,0.0,0.0,0.0,0.0
9551,Michael Bracewell,Test,9,15,268,,,,0.0,0,0,0,,0,,0.0,0.0,1.0,1.0
9551,Michael Bracewell,ODI,34,29,757,,,,0.0,0,0,0,,2,,0.0,0.0,2.0,1.0
9551,Michael Bracewell,T20,36,25,382,,,,0.0,0,0,0,,0,,0.0,0.0,2.0,4.0
9551,Michael Bracewell,IPL,5,4,58,,,,0.0,0,0,0,,0,,0.0,0.0,0.0,0.0
10713,Daryl Mitchell,Test,33,53,2139,,,,0.0,0,0,0,,5,,0.0,0.0,15.0,1.0
10713,Daryl Mitchell,ODI,52,47,2041,,,,0.0,0,0,0,,6,,0.0,0.0,9.0,0.0
10713,Daryl Mitchell,T20,79,74,1540,,,,0.0,0,0,0,,0,,0.0,0.0,8.0,2.0
10713,Daryl Mitchell,IPL,15,15,351,,,,0.0,0,0,0,,0,,0.0,0.0,2.0,0.0
10693,Glenn Phillips,Test,15,27,728,,,,0.0,0,0,0,,0,,0.0,0.0,5.0,2.0
10693,Glenn Phillips,ODI,44,36,1112,,,,0.0,0,0,0,,1,,0.0,0.0,5.0,1.0
10693,Glenn Phillips,T20,83,74,1928,,,,0.0,0,0,0,,2,,0.0,0.0,10.0,3.0
10693,Glenn Phillips,IPL,8,8,65,,,,0.0,0,0,0,,0,,0.0,0.0,0.0,1.0
11177,Rachin Ravindra,Test,17,32,1224,,,,0.0,0,0,0,,3,,0.0,0.0,4.0,1.0
11177,Rachin Ravindra,ODI,33,29,1233,,,,0.0,0,0,0,,5,,0.0,0.0,4.0,2.0
11177,Rachin Ravindra,T20,30,28,452,,,,0.0,0,0,0,,0,,0.0,0.0,3.0,2.0
11177,Rachin Ravindra,IPL,18,18,413,,,,0.0,0,0,0,,0,,0.0,0.0,2.0,2.0
24391,Zakary Foulkes,Test,1,0,0,,,,0.0,0,0,0,,0,,0.0,0.0,0.0,0.0
24391,Zakary Foulkes,ODI,1,0,0,,,,0.0,0,0,0,,0,,0.0,0.0,0.0,0.0
24391,Zakary Foulkes,T20,13,7,59,,,,0.0,0,0,0,,0,,0.0,0.0,0.0,1.0
24391,Zakary Foulkes,IPL,0,0,0,,,,0.0,0,0,0,,0,,0.0,0.0,0.0,0.0
10100,Mitchell Santner,Test,32,44,1085,,,,0.0,0,0,0,,1,,0.0,0.0,4.0,3.0
10100,Mitchell Santner,ODI,118,86,1438,,,,0.0,0,0,0,,0,,0.0,0.0,3.0,3.0
10100,Mitchell Santner,T20,114,76,735,,,,0.0,0,0,0,,0,,0.0,0.0,1.0,5.0
10100,Mitchell Santner,IPL,31,19,110,,,,0.0,0,0,0,,0,,0.0,0.0,0.0,1.0
11170,Nathan Smith,Test,3,5,102,,,,0.0,0,0,0,,0,,0.0,0.0,0.0,0.0
11170,Nathan Smith,ODI,10,7,36,,,,0.0,0,0,0,,0,,0.0,0.0,0.0,2.0
11170,Nathan Smith,T20,0,0,0,,,,0.0,0,0,0,,0,,0.0,0.0,0.0,0.0
11170,Nathan Smith,IPL,0,0,0,,,,0.0,0,0,0,,0,,0.0,0.0,0.0,0.0
8075,Duncan Allan,Test,0,0,0,,,,0.0,0,0,0,,0,,0.0,0.0,0.0,0.0
8075,Duncan Allan,ODI,5,5,71,,,,0.0,0,0,0,,0,,0.0,0.0,0.0,0.0
8075,Duncan Allan,T20,10,10,84,,,,0.0,0,0,0,,0,,0.0,0.0,0.0,0.0
8075,Duncan Allan,IPL,0,0,0,,,,0.0,0,0,0,,0,,0.0,0.0,0.0,0.0
550,Collins Obuya,Test,0,0,0,,,,0.0,0,0,0,,0,,0.0,0.0,0.0,0.0
550,Collins Obuya,ODI,104,89,2044,,,,0.0,0,0,0,,0,,0.0,0.0,11.0,6.0
550,Collins Obuya,T20,76,71,1793,,,,0.0,0,0,0,,0,,0.0,0.0,10.0,6.0
550,Collins Obuya,IPL,0,0,0,,,,0.0,0,0,0,,0,,0.0,0.0,0.0,0.0
1592,Seren Waters,Test,0,0,0,,,,0.0,0,0,0,,0,,0.0,0.0,0.0,0.0
1592,Seren Waters,ODI,20,20,419,,,,0.0,0,0,0,,0,,0.0,0.0,2.0,2.0
1592,Seren Waters,T20,0,0,0,,,,0.0,0,0,0,,0,,0.0,0.0,0.0,0.0
1592,Seren Waters,IPL,0,0,0,,,,0.0,0,0,0,,0,,0.0,0.0,0.0,0.0
188,Ragheb Aga,Test,0,0,0,,,,0.0,0,0,0,,0,,0.0,0.0,0.0,0.0
188,Ragheb Aga,ODI,12,9,150,,,,0.0,0,0,0,,0,,0.0,0.0,1.0,1.0
188,Ragheb Aga,T20,20,18,213,,,,0.0,0,0,0,,0,,0.0,0.0,1.0,0.0
188,Ragheb Aga,IPL,0,0,0,,,,0.0,0,0,0,,0,,0.0,0.0,0.0,0.0
6478,Nelson Odhiambo,Test,0,0,0,,,,0.0,0,0,0,,0,,0.0,0.0,0.0,0.0
6478,Nelson Odhiambo,ODI,10,6,56,,,,0.0,0,0,0,,0,,0.0,0.0,0.0,0.0
6478,Nelson Odhiambo,T20,65,42,538,,,,0.0,0,0,0,,0,,0.0,0.0,2.0,7.0
6478,Nelson Odhiambo,IPL,0,0,0,,,,0.0,0,0,0,,0,,0.0,0.0,0.0,0.0
552,Nehemiah Odhiambo,Test,0,0,0,,,,0.0,0,0,0,,0,,0.0,0.0,0.0,0.0
552,Nehemiah Odhiambo,ODI,67,53,528,,,,0.0,0,0,0,,0,,0.0,0.0,1.0,9.0
552,Nehemiah Odhiambo,T20,43,31,284,,,,0.0,0,0,0,,0,,0.0,0.0,0.0,6.0
552,Nehemiah Odhiambo,IPL,0,0,0,,,,0.0,0,0,0,,0,,0.0,0.0,0.0,0.0
9356,Emmanuel Bundi,Test,0,0,0,,,,0.0,0,0,0,,0,,0.0,0.0,0.0,0.0
9356,Emmanuel Bundi,ODI,0,0,0,,,,0.0,0,0,0,,0,,0.0,0.0,0.0,0.0
9356,Emmanuel Bundi,T20,36,16,94,,,,0.0,0,0,0,,0,,0.0,0.0,0.0,0.0
9356,Emmanuel Bundi,IPL,0,0,0,,,,0.0,0,0,0,,0,,0.0,0.0,0.0,0.0
8773,Milind Kumar,Test,0,0,0,,,,0.0,0,0,0,,0,,0.0,0.0,0.0,0.0
8773,Milind Kumar,ODI,18,17,682,,,,0.0,0,0,0,,2,,0.0,0.0,4.0,2.0
8773,Milind Kumar,T20,21,17,322,,,,0.0,0,0,0,,0,,0.0,0.0,1.0,1.0
8773,Milind Kumar,IPL,0,0,0,,,,0.0,0,0,0,,0,,0.0,0.0,0.0,0.0
54808,Utkarsh Srivastava,Test,0,0,0,,,,0.0,0,0,0,,0,,0.0,0.0,0.0,0.0
54808,Utkarsh Srivastava,ODI,2,2,75,,,,0.0,0,0,0,,0,,0.0,0.0,1.0,0.0
54808,Utkarsh Srivastava,T20,2,1,9,,,,0.0,0,0,0,,0,,0.0,0.0,0.0,0.0
54808,Utkarsh Srivastava,IPL,0,0,0,,,,0.0,0,0,0,,0,,0.0,0.0,0.0,0.0
22531,Vatsal Vaghela,Test,0,0,0,,,,0.0,0,0,0,,0,,0.0,0.0,0.0,0.0
22531,Vatsal Vaghela,ODI,0,0,0,,,,0.0,0,0,0,,0,,0.0,0.0,0.0,0.0
22531,Vatsal Vaghela,T20,3,1,29,,,,0.0,0,0,0,,0,,0.0,0.0,0.0,0.0
22531,Vatsal Vaghela,IPL,0,0,0,,,,0.0,0,0,0,,0,,0.0,0.0,0.0,0.0
8426,Harmeet Singh,Test,0,0,0,,,,0.0,0,0,0,,0,,0.0,0.0,0.0,0.0
8426,Harmeet Singh,ODI,18,14,282,,,,0.0,0,0,0,,0,,0.0,0.0,2.0,0.0
8426,Harmeet Singh,T20,25,17,235,,,,0.0,0,0,0,,0,,0.0,0.0,0.0,3.0
8426,Harmeet Singh,IPL,1,0,0,,,,0.0,0,0,0,,0,,0.0,0.0,0.0,0.0
20241,Sanjay Krishnamurthi,Test,0,0,0,,,,0.0,0,0,0,,0,,0.0,0.0,0.0,0.0
20241,Sanjay Krishnamurthi,ODI,14,13,255,,,,0.0,0,0,0,,0,,0.0,0.0,1.0,3.0
20241,Sanjay Krishnamurthi,T20,9,5,90,,,,0.0,0,0,0,,0,,0.0,0.0,0.0,0.0
20241,Sanjay Krishnamurthi,IPL,0,0,0,,,,0.0,0,0,0,,0,,0.0,0.0,0.0,0.0
2245,Shadley van Schalkwyk,Test,0,0,0,,,,0.0,0,0,0,,0,,0.0,0.0,0.0,0.0
2245,Shadley van Schalkwyk,ODI,13,10,167,,,,0.0,0,0,0,,0,,0.0,0.0,1.0,1.0
2245,Shadley van Schalkwyk,T20,14,11,104,,,,0.0,0,0,0,,0,,0.0,0.0,0.0,1.0
2245,Shadley van Schalkwyk,IPL,0,0,0,,,,0.0,0,0,0,,0,,0.0,0.0,0.0,0.0
1428543,Juanoy Drysdale,Test,0,0,0,,,,0.0,0,0,0,,0,,0.0,0.0,0.0,0.0
1428543,Juanoy Drysdale,ODI,4,2,2,,,,0.0,0,0,0,,0,,0.0,0.0,0.0,0.0
1428543,Juanoy Drysdale,T20,11,3,5,,,,0.0,0,0,0,,0,,0.0,0.0,0.0,1.0
1428543,Juanoy Drysdale,IPL,0,0,0,,,,0.0,0,0,0,,0,,0.0,0.0,0.0,0.0
1398,Richie Berrington,Test,0,0,0,,,,0.0,0,0,0,,0,,0.0,0.0,0.0,0.0
1398,Richie Berrington,ODI,132,125,3600,,,,0.0,0,0,0,,6,,0.0,0.0,21.0,7.0
1398,Richie Berrington,T20,101,93,2334,,,,0.0,0,0,0,,1,,0.0,0.0,10.0,10.0
1398,Richie Berrington,IPL,0,0,0,,,,0.0,0,0,0,,0,,0.0,0.0,0.0,0.0
1416,Calum MacLeod,Test,0,0,0,,,,0.0,0,0,0,,0,,0.0,0.0,0.0,0.0
1416,Calum MacLeod,ODI,87,86,3024,,,,0.0,0,0,0,,10,,0.0,0.0,13.0,9.0
1416,Calum MacLeod,T20,64,61,1239,,,,0.0,0,0,0,,0,,0.0,0.0,7.0,8.0
1416,Calum MacLeod,IPL,0,0,0,,,,0.0,0,0,0,,0,,0.0,0.0,0.0,0.0
9383,Michael Leask,Test,0,0,0,,,,0.0,0,0,0,,0,,0.0,0.0,0.0,0.0
9383,Michael Leask,ODI,91,72,1547,,,,0.0,0,0,0,,1,,0.0,0.0,8.0,5.0
9383,Michael Leask,T20,73,61,870,,,,0.0,0,0,0,,0,,0.0,0.0,1.0,4.0
9383,Michael Leask,IPL,0,0,0,,,,0.0,0,0,0,,0,,0.0,0.0,0.0,0.0
3053,Alasdair Evans,Test,0,0,0,,,,0.0,0,0,0,,0,,0.0,0.0,0.0,0.0
3053,Alasdair Evans,ODI,41,19,100,,,,0.0,0,0,0,,0,,0.0,0.0,0.0,3.0
3053,Alasdair Evans,T20,35,10,10,,,,0.0,0,0,0,,0,,0.0,0.0,0.0,6.0
3053,Alasdair Evans,IPL,0,0,0,,,,0.0,0,0,0,,0,,0.0,0.0,0.0,0.0
12771,Tom Sole,Test,0,0,0,,,,0.0,0,0,0,,0,,0.0,0.0,0.0,0.0
12771,Tom Sole,ODI,10,7,46,,,,0.0,0,0,0,,0,,0.0,0.0,0.0,0.0
12771,Tom Sole,T20,9,6,69,,,,0.0,0,0,0,,0,,0.0,0.0,0.0,0.0
12771,Tom Sole,IPL,0,0,0,,,,0.0,0,0,0,,0,,0.0,0.0,0.0,0.0
