player_id,player_name,format,matches,innings,not_out,runs,high_score,avg,strike_rate,hundreds,fifties,fours,sixes,ducks
14701,Nitish Kumar Reddy,Test,7,13,0,343,0,0.0,0.0,1,0,0,0,1
14701,Nitish Kumar Reddy,ODI,0,0,0,0,0,0.0,0.0,0,0,0,0,0
14701,Nitish Kumar Reddy,T20,4,3,0,90,0,0.0,0.0,0,1,0,0,1
14701,Nitish Kumar Reddy,IPL,28,22,0,485,0,0.0,0.0,0,2,0,0,1
9647,Hardik Pandya,Test,11,18,0,532,0,0.0,0.0,1,4,0,0,2
9647,Hardik Pandya,ODI,94,68,0,1904,0,0.0,0.0,0,11,0,0,4
9647,Hardik Pandya,T20,115,90,0,1812,0,0.0,0.0,0,5,0,0,3
9647,Hardik Pandya,IPL,152,140,0,2749,0,0.0,0.0,0,10,0,0,6
11195,Shivam Dube,Test,0,0,0,0,0,0.0,0.0,0,0,0,0,0
11195,Shivam Dube,ODI,4,4,0,43,0,0.0,0.0,0,0,0,0,1
11195,Shivam Dube,T20,36,26,0,531,0,0.0,0.0,0,4,0,0,1
11195,Shivam Dube,IPL,79,75,0,1859,0,0.0,0.0,0,10,0,0,3
12086,Abhishek Sharma,Test,0,0,0,0,0,0.0,0.0,0,0,0,0,0
12086,Abhishek Sharma,ODI,0,0,0,0,0,0.0,0.0,0,0,0,0,0
12086,Abhishek Sharma,T20,18,17,0,565,0,0.0,0.0,2,2,0,0,1
12086,Abhishek Sharma,IPL,77,74,0,1815,0,0.0,0.0,1,9,0,0,3
587,Ravindra Jadeja,Test,85,128,0,3886,0,0.0,0.0,5,27,0,0,8
587,Ravindra Jadeja,ODI,204,137,0,2806,0,0.0,0.0,0,13,0,0,6
587,Ravindra Jadeja,T20,74,41,0,515,0,0.0,0.0,0,0,0,0,3
587,Ravindra Jadeja,IPL,254,198,0,3260,0,0.0,0.0,0,5,0,0,9
8683,Shardul Thakur,Test,13,21,0,377,0,0.0,0.0,0,4,0,0,3
8683,Shardul Thakur,ODI,47,25,0,329,0,0.0,0.0,0,1,0,0,1
8683,Shardul Thakur,T20,25,6,0,69,0,0.0,0.0,0,0,0,0,2
8683,Shardul Thakur,IPL,105,42,0,325,0,0.0,0.0,0,1,0,0,8
10945,Washington Sundar,Test,13,24,0,752,0,0.0,0.0,1,5,0,0,3
10945,Washington Sundar,ODI,23,15,0,329,0,0.0,0.0,0,1,0,0,0
10945,Washington Sundar,T20,54,22,0,193,0,0.0,0.0,0,1,0,0,4
10945,Washington Sundar,IPL,66,45,0,511,0,0.0,0.0,0,0,0,0,2
8808,Axar Patel,Test,14,22,0,646,0,0.0,0.0,0,4,0,0,1
8808,Axar Patel,ODI,68,47,0,783,0,0.0,0.0,0,3,0,0,3
8808,Axar Patel,T20,72,44,0,535,0,0.0,0.0,0,1,0,0,2
8808,Axar Patel,IPL,162,124,0,1916,0,0.0,0.0,0,3,0,0,7
9812,Saud Shakeel,Test,19,36,0,1658,0,0.0,0.0,4,9,0,0,2
9812,Saud Shakeel,ODI,19,16,0,408,0,0.0,0.0,0,4,0,0,0
9812,Saud Shakeel,T20,0,0,0,0,0,0.0,0.0,0,0,0,0,0
9812,Saud Shakeel,IPL,0,0,0,0,0,0.0,0.0,0,0,0,0,0
9807,Kamran Ghulam,Test,6,11,0,312,0,0.0,0.0,1,1,0,0,0
9807,Kamran Ghulam,ODI,10,7,0,210,0,0.0,0.0,1,1,0,0,1
9807,Kamran Ghulam,T20,0,0,0,0,0,0.0,0.0,0,0,0,0,0
9807,Kamran Ghulam,IPL,0,0,0,0,0,0.0,0.0,0,0,0,0,0
10101,Salman Agha,Test,21,40,0,1317,0,0.0,0.0,3,9,0,0,2
10101,Salman Agha,ODI,41,34,0,1116,0,0.0,0.0,1,6,0,0,0
10101,Salman Agha,T20,26,24,0,489,0,0.0,0.0,0,4,0,0,2
10101,Salman Agha,IPL,0,0,0,0,0,0.0,0.0,0,0,0,0,0
15460,Irfan Khan,Test,0,0,0,0,0,0.0,0.0,0,0,0,0,0
15460,Irfan Khan,ODI,9,6,0,48,0,0.0,0.0,0,0,0,0,1
15460,Irfan Khan,T20,14,11,0,189,0,0.0,0.0,0,0,0,0,1
15460,Irfan Khan,IPL,0,0,0,0,0,0.0,0.0,0,0,0,0,0
9804,Hussain Talat,Test,0,0,0,0,0,0.0,0.0,0,0,0,0,0
9804,Hussain Talat,ODI,4,4,0,75,0,0.0,0.0,0,0,0,0,0
9804,Hussain Talat,T20,19,18,0,395,0,0.0,0.0,0,2,0,0,1
9804,Hussain Talat,IPL,0,0,0,0,0,0.0,0.0,0,0,0,0,0
14545,Noman Ali,Test,19,26,0,368,0,0.0,0.0,0,1,0,0,6
14545,Noman Ali,ODI,0,0,0,0,0,0.0,0.0,0,0,0,0,0
14545,Noman Ali,T20,0,0,0,0,0,0.0,0.0,0,0,0,0,0
14545,Noman Ali,IPL,0,0,0,0,0,0.0,0.0,0,0,0,0,0
11265,Faheem Ashraf,Test,17,27,0,687,0,0.0,0.0,0,4,0,0,4
11265,Faheem Ashraf,ODI,38,27,0,322,0,0.0,0.0,0,1,0,0,2
11265,Faheem Ashraf,T20,63,46,0,476,0,0.0,0.0,0,1,0,0,5
11265,Faheem Ashraf,IPL,0,0,0,0,0,0.0,0.0,0,0,0,0,0
11186,Shadab Khan,Test,6,11,0,300,0,0.0,0.0,0,3,0,0,0
11186,Shadab Khan,ODI,70,44,0,855,0,0.0,0.0,0,4,0,0,3
11186,Shadab Khan,T20,112,58,0,792,0,0.0,0.0,0,1,0,0,6
11186,Shadab Khan,IPL,0,0,0,0,0,0.0,0.0,0,0,0,0,0
55256,Jahandad Khan,Test,0,0,0,0,0,0.0,0.0,0,0,0,0,0
55256,Jahandad Khan,ODI,0,0,0,0,0,0.0,0.0,0,0,0,0,0
55256,Jahandad Khan,T20,8,5,0,29,0,0.0,0.0,0,0,0,0,1
55256,Jahandad Khan,IPL,0,0,0,0,0,0.0,0.0,0,0,0,0,0
12225,Cameron Green,Test,32,51,0,1565,0,0.0,0.0,2,7,0,0,4
12225,Cameron Green,ODI,31,27,0,782,0,0.0,0.0,1,2,0,0,1
12225,Cameron Green,T20,21,20,0,521,0,0.0,0.0,0,6,0,0,0
12225,Cameron Green,IPL,29,28,0,707,0,0.0,0.0,1,2,0,0,0
52495,Sam Konstas,Test,5,10,0,163,0,0.0,0.0,0,1,0,0,2
52495,Sam Konstas,ODI,0,0,0,0,0,0.0,0.0,0,0,0,0,0
52495,Sam Konstas,T20,0,0,0,0,0,0.0,0.0,0,0,0,0,0
52495,Sam Konstas,IPL,0,0,0,0,0,0.0,0.0,0,0,0,0,0
8646,Beau Webster,Test,7,12,0,381,0,0.0,0.0,0,4,0,0,0
8646,Beau Webster,ODI,0,0,0,0,0,0.0,0.0,0,0,0,0,0
8646,Beau Webster,T20,0,0,0,0,0,0.0,0.0,0,0,0,0,0
8646,Beau Webster,IPL,0,0,0,0,0,0.0,0.0,0,0,0,0,0
13170,Aaron Hardie,Test,0,0,0,0,0,0.0,0.0,0,0,0,0,0
13170,Aaron Hardie,ODI,15,12,0,180,0,0.0,0.0,0,0,0,0,1
13170,Aaron Hardie,T20,16,11,0,180,0,0.0,0.0,0,0,0,0,0
13170,Aaron Hardie,IPL,0,0,0,0,0,0.0,0.0,0,0,0,0,0
7662,Glenn Maxwell,Test,7,14,0,339,0,0.0,0.0,1,0,0,0,0
7662,Glenn Maxwell,ODI,149,136,0,3990,0,0.0,0.0,4,23,0,0,12
7662,Glenn Maxwell,T20,124,114,0,2833,0,0.0,0.0,5,12,0,0,5
7662,Glenn Maxwell,IPL,141,135,0,2819,0,0.0,0.0,0,18,0,0,19
6250,Mitchell Marsh,Test,46,80,0,2083,0,0.0,0.0,3,9,0,0,9
6250,Mitchell Marsh,ODI,96,92,0,3000,0,0.0,0.0,4,20,0,0,7
6250,Mitchell Marsh,T20,73,70,0,1799,0,0.0,0.0,0,10,0,0,3
6250,Mitchell Marsh,IPL,55,49,0,1292,0,0.0,0.0,1,9,0,0,7
1629,Angelo Mathews,Test,119,212,0,8214,0,0.0,0.0,16,45,0,0,6
1629,Angelo Mathews,ODI,226,194,0,5916,0,0.0,0.0,3,40,0,0,16
1629,Angelo Mathews,T20,90,73,0,1416,0,0.0,0.0,0,6,0,0,1
1629,Angelo Mathews,IPL,49,42,0,724,0,0.0,0.0,0,1,0,0,3
10940,Kamindu Mendis,Test,14,24,0,1316,0,0.0,0.0,5,5,0,0,0
10940,Kamindu Mendis,ODI,24,23,0,464,0,0.0,0.0,0,3,0,0,2
10940,Kamindu Mendis,T20,27,24,0,443,0,0.0,0.0,0,2,0,0,3
10940,Kamindu Mendis,IPL,5,5,0,92,0,0.0,0.0,0,0,0,0,1
7872,Dhananjaya de Silva,Test,65,115,0,4133,0,0.0,0.0,12,19,0,0,10
7872,Dhananjaya de Silva,ODI,90,82,0,1865,0,0.0,0.0,0,10,0,0,4
7872,Dhananjaya de Silva,T20,45,44,0,847,0,0.0,0.0,0,3,0,0,2
7872,Dhananjaya de Silva,IPL,0,0,0,0,0,0.0,0.0,0,0,0,0,0
10934,Charith Asalanka,Test,3,6,0,88,0,0.0,0.0,0,0,0,0,0
10934,Charith Asalanka,ODI,78,70,0,2621,0,0.0,0.0,5,17,0,0,5
10934,Charith Asalanka,T20,64,62,0,1282,0,0.0,0.0,0,6,0,0,7
10934,Charith Asalanka,IPL,0,0,0,0,0,0.0,0.0,0,0,0,0,0
13694,Janith Liyanage,Test,0,0,0,0,0,0.0,0.0,0,0,0,0,0
13694,Janith Liyanage,ODI,28,22,0,812,0,0.0,0.0,1,6,0,0,0
13694,Janith Liyanage,T20,3,3,0,28,0,0.0,0.0,0,0,0,0,0
13694,Janith Liyanage,IPL,0,0,0,0,0,0.0,0.0,0,0,0,0,0
13930,Sonal Dinusha,Test,1,1,0,11,0,0.0,0.0,0,0,0,0,0
13930,Sonal Dinusha,ODI,0,0,0,0,0,0.0,0.0,0,0,0,0,0
13930,Sonal Dinusha,T20,0,0,0,0,0,0.0,0.0,0,0,0,0,0
13930,Sonal Dinusha,IPL,0,0,0,0,0,0.0,0.0,0,0,0,0,0
18515,Tharindu Rathnayake,Test,2,2,0,10,0,0.0,0.0,0,0,0,0,1
18515,Tharindu Rathnayake,ODI,0,0,0,0,0,0.0,0.0,0,0,0,0,0
18515,Tharindu Rathnayake,T20,0,0,0,0,0,0.0,0.0,0,0,0,0,0
18515,Tharindu Rathnayake,IPL,0,0,0,0,0,0.0,0.0,0,0,0,0,0
39678,Milan Priyanath Rathnayake,Test,5,6,0,190,0,0.0,0.0,0,1,0,0,0
39678,Milan Priyanath Rathnayake,ODI,1,1,0,22,0,0.0,0.0,0,0,0,0,0
39678,Milan Priyanath Rathnayake,T20,0,0,0,0,0,0.0,0.0,0,0,0,0,0
39678,Milan Priyanath Rathnayake,IPL,0,0,0,0,0,0.0,0.0,0,0,0,0,0
14251,Dunith Wellalage,Test,1,2,0,29,0,0.0,0.0,0,0,0,0,0
14251,Dunith Wellalage,ODI,31,24,0,386,0,0.0,0.0,0,1,0,0,3
14251,Dunith Wellalage,T20,4,2,0,12,0,0.0,0.0,0,0,0,0,0
14251,Dunith Wellalage,IPL,0,0,0,0,0,0.0,0.0,0,0,0,0,0
10926,Wanindu Hasaranga,Test,4,7,0,196,0,0.0,0.0,0,1,0,0,0
10926,Wanindu Hasaranga,ODI,66,54,0,1030,0,0.0,0.0,0,4,0,0,3
10926,Wanindu Hasaranga,T20,79,67,0,712,0,0.0,0.0,0,2,0,0,8
10926,Wanindu Hasaranga,IPL,37,19,0,81,0,0.0,0.0,0,0,0,0,5
1121,Mahmudullah,Test,50,94,0,2914,0,0.0,0.0,5,16,0,0,11
1121,Mahmudullah,ODI,239,209,0,5689,0,0.0,0.0,4,32,0,0,10
1121,Mahmudullah,T20,141,130,0,2443,0,0.0,0.0,0,8,0,0,5
1121,Mahmudullah,IPL,0,0,0,0,0,0.0,0.0,0,0,0,0,0
11871,Mahedi Hasan,Test,0,0,0,0,0,0.0,0.0,0,0,0,0,0
11871,Mahedi Hasan,ODI,11,10,0,122,0,0.0,0.0,0,0,0,0,0
11871,Mahedi Hasan,T20,64,43,0,401,0,0.0,0.0,0,0,0,0,8
11871,Mahedi Hasan,IPL,0,0,0,0,0,0.0,0.0,0,0,0,0,0
11081,Mehidy Hasan Miraz,Test,54,98,0,2110,0,0.0,0.0,2,9,0,0,6
11081,Mehidy Hasan Miraz,ODI,108,79,0,1654,0,0.0,0.0,2,6,0,0,5
11081,Mehidy Hasan Miraz,T20,34,29,0,418,0,0.0,0.0,0,0,0,0,2
11081,Mehidy Hasan Miraz,IPL,0,0,0,0,0,0.0,0.0,0,0,0,0,0
10038,Fayyaz Ahmed,Test,0,0,0,0,0,0.0,0.0,0,0,0,0,0
10038,Fayyaz Ahmed,ODI,3,3,0,47,0,0.0,0.0,0,0,0,0,0
10038,Fayyaz Ahmed,T20,1,1,0,11,0,0.0,0.0,0,0,0,0,0
10038,Fayyaz Ahmed,IPL,0,0,0,0,0,0.0,0.0,0,0,0,0,0
9835,Rohan Mustafa,Test,0,0,0,0,0,0.0,0.0,0,0,0,0,0
9835,Rohan Mustafa,ODI,82,76,0,1508,0,0.0,0.0,1,7,0,0,8
9835,Rohan Mustafa,T20,57,52,0,1002,0,0.0,0.0,0,4,0,0,7
9835,Rohan Mustafa,IPL,0,0,0,0,0,0.0,0.0,0,0,0,0,0
9832,Mohammad Naveed,Test,0,0,0,0,0,0.0,0.0,0,0,0,0,0
9832,Mohammad Naveed,ODI,40,35,0,401,0,0.0,0.0,0,0,0,0,2
9832,Mohammad Naveed,T20,30,23,0,172,0,0.0,0.0,0,0,0,0,3
9832,Mohammad Naveed,IPL,0,0,0,0,0,0.0,0.0,0,0,0,0,0
9975,Aizaz Khan,Test,0,0,0,0,0,0.0,0.0,0,0,0,0,0
9975,Aizaz Khan,ODI,19,15,0,260,0,0.0,0.0,0,0,0,0,1
9975,Aizaz Khan,T20,93,80,0,994,0,0.0,0.0,0,0,0,0,7
9975,Aizaz Khan,IPL,0,0,0,0,0,0.0,0.0,0,0,0,0,0
9980,Nizakat Khan,Test,0,0,0,0,0,0.0,0.0,0,0,0,0,0
9980,Nizakat Khan,ODI,20,20,0,675,0,0.0,0.0,0,3,0,0,0
9980,Nizakat Khan,T20,117,113,0,2308,0,0.0,0.0,0,11,0,0,9
9980,Nizakat Khan,IPL,0,0,0,0,0,0.0,0.0,0,0,0,0,0
9982,Tanwir Afzal,Test,0,0,0,0,0,0.0,0.0,0,0,0,0,0
9982,Tanwir Afzal,ODI,20,19,0,292,0,0.0,0.0,0,1,0,0,3
9982,Tanwir Afzal,T20,21,18,0,219,0,0.0,0.0,0,1,0,0,4
9982,Tanwir Afzal,IPL,0,0,0,0,0,0.0,0.0,0,0,0,0,0
6557,Ben Stokes,Test,115,206,0,7032,0,0.0,0.0,14,35,0,0,16
6557,Ben Stokes,ODI,114,99,0,3463,0,0.0,0.0,5,24,0,0,7
6557,Ben Stokes,T20,43,36,0,585,0,0.0,0.0,0,1,0,0,1
6557,Ben Stokes,IPL,45,44,0,935,0,0.0,0.0,2,2,0,0,3
19636,Jacob Bethell,Test,4,8,0,271,0,0.0,0.0,0,3,0,0,0
19636,Jacob Bethell,ODI,15,13,0,486,0,0.0,0.0,1,4,0,0,1
19636,Jacob Bethell,T20,15,14,0,314,0,0.0,0.0,0,2,0,0,0
19636,Jacob Bethell,IPL,2,2,0,67,0,0.0,0.0,0,1,0,0,0
12258,Will Jacks,Test,2,4,0,89,0,0.0,0.0,0,0,0,0,0
12258,Will Jacks,ODI,21,20,0,621,0,0.0,0.0,0,4,0,0,2
12258,Will Jacks,T20,28,24,0,400,0,0.0,0.0,0,0,0,0,1
12258,Will Jacks,IPL,21,19,0,463,0,0.0,0.0,1,2,0,0,0
10045,Liam Livingstone,Test,1,2,0,16,0,0.0,0.0,0,0,0,0,0
10045,Liam Livingstone,ODI,39,36,0,932,0,0.0,0.0,1,4,0,0,4
10045,Liam Livingstone,T20,60,47,0,955,0,0.0,0.0,1,2,0,0,3
10045,Liam Livingstone,IPL,49,47,0,1051,0,0.0,0.0,0,7,0,0,3
6670,Chris Woakes,Test,62,99,0,2034,0,0.0,0.0,1,7,0,0,11
6670,Chris Woakes,ODI,122,88,0,1524,0,0.0,0.0,0,6,0,0,8
6670,Chris Woakes,T20,33,17,0,146,0,0.0,0.0,0,0,0,0,2
6670,Chris Woakes,IPL,21,12,0,78,0,0.0,0.0,0,0,0,0,0
8512,Jamie Overton,Test,2,3,0,106,0,0.0,0.0,0,1,0,0,1
8512,Jamie Overton,ODI,7,6,0,82,0,0.0,0.0,0,0,0,0,1
8512,Jamie Overton,T20,13,8,0,50,0,0.0,0.0,0,0,0,0,1
8512,Jamie Overton,IPL,3,2,0,15,0,0.0,0.0,0,0,0,0,0
13681,Gus Atkinson,Test,13,18,0,380,0,0.0,0.0,1,0,0,0,1
13681,Gus Atkinson,ODI,11,8,0,104,0,0.0,0.0,0,0,0,0,1
13681,Gus Atkinson,T20,4,2,0,10,0,0.0,0.0,0,0,0,0,0
13681,Gus Atkinson,IPL,0,0,0,0,0,0.0,0.0,0,0,0,0,0
19767,Rehan Ahmed,Test,5,10,0,103,0,0.0,0.0,0,0,0,0,1
19767,Rehan Ahmed,ODI,6,4,0,35,0,0.0,0.0,0,0,0,0,0
19767,Rehan Ahmed,T20,10,6,0,38,0,0.0,0.0,0,0,0,0,1
19767,Rehan Ahmed,IPL,0,0,0,0,0,0.0,0.0,0,0,0,0,0
10420,Sam Curran,Test,24,38,0,815,0,0.0,0.0,0,3,0,0,7
10420,Sam Curran,ODI,35,27,0,597,0,0.0,0.0,0,2,0,0,1
10420,Sam Curran,T20,60,35,0,366,0,0.0,0.0,0,1,0,0,0
10420,Sam Curran,IPL,64,53,0,997,0,0.0,0.0,0,6,0,0,4
11217,Keacy Carty,Test,7,14,0,235,0,0.0,0.0,0,0,0,0,2
11217,Keacy Carty,ODI,40,37,0,1495,0,0.0,0.0,4,5,0,0,1
11217,Keacy Carty,T20,4,3,0,53,0,0.0,0.0,0,0,0,0,0
11217,Keacy Carty,IPL,0,0,0,0,0,0.0,0.0,0,0,0,0,0
8433,Justin Greaves,Test,9,18,0,305,0,0.0,0.0,1,0,0,0,0
8433,Justin Greaves,ODI,15,14,0,315,0,0.0,0.0,0,1,0,0,0
8433,Justin Greaves,T20,1,1,0,6,0,0.0,0.0,0,0,0,0,0
8433,Justin Greaves,IPL,0,0,0,0,0,0.0,0.0,0,0,0,0,0
13748,Sherfane Rutherford,Test,0,0,0,0,0,0.0,0.0,0,0,0,0,0
13748,Sherfane Rutherford,ODI,16,14,0,637,0,0.0,0.0,1,6,0,0,0
13748,Sherfane Rutherford,T20,39,34,0,586,0,0.0,0.0,0,3,0,0,4
13748,Sherfane Rutherford,IPL,23,20,0,397,0,0.0,0.0,0,0,0,0,1
8431,John Campbell,Test,23,46,0,994,0,0.0,0.0,0,3,0,0,4
8431,John Campbell,ODI,6,5,0,248,0,0.0,0.0,1,0,0,0,0
8431,John Campbell,T20,2,2,0,11,0,0.0,0.0,0,0,0,0,1
8431,John Campbell,IPL,0,0,0,0,0,0.0,0.0,0,0,0,0,0
9793,Gudakesh Motie,Test,11,17,0,265,0,0.0,0.0,0,1,0,0,2
9793,Gudakesh Motie,ODI,31,19,0,332,0,0.0,0.0,0,2,0,0,1
9793,Gudakesh Motie,T20,39,20,0,163,0,0.0,0.0,0,0,0,0,3
9793,Gudakesh Motie,IPL,0,0,0,0,0,0.0,0.0,0,0,0,0,0
11543,Roston Chase,Test,52,96,0,2379,0,0.0,0.0,5,11,0,0,13
11543,Roston Chase,ODI,63,48,0,1091,0,0.0,0.0,0,6,0,0,5
11543,Roston Chase,T20,42,32,0,552,0,0.0,0.0,0,3,0,0,5
11543,Roston Chase,IPL,0,0,0,0,0,0.0,0.0,0,0,0,0,0
13646,Romario Shepherd,Test,0,0,0,0,0,0.0,0.0,0,0,0,0,0
13646,Romario Shepherd,ODI,39,27,0,408,0,0.0,0.0,0,1,0,0,3
13646,Romario Shepherd,T20,63,44,0,667,0,0.0,0.0,0,0,0,0,4
13646,Romario Shepherd,IPL,18,12,0,185,0,0.0,0.0,0,1,0,0,2
8313,Jason Holder,Test,69,123,0,3073,0,0.0,0.0,3,14,0,0,11
8313,Jason Holder,ODI,138,114,0,2237,0,0.0,0.0,0,12,0,0,11
8313,Jason Holder,T20,75,55,0,672,0,0.0,0.0,0,0,0,0,9
8313,Jason Holder,IPL,46,27,0,259,0,0.0,0.0,0,0,0,0,2
7736,Andre Russell,Test,1,1,0,2,0,0.0,0.0,0,0,0,0,0
7736,Andre Russell,ODI,56,47,0,1034,0,0.0,0.0,0,4,0,0,6
7736,Andre Russell,T20,86,75,0,1122,0,0.0,0.0,0,3,0,0,9
7736,Andre Russell,IPL,139,115,0,2651,0,0.0,0.0,0,12,0,0,6
11432,Senuran Muthusamy,Test,5,7,0,173,0,0.0,0.0,0,1,0,0,0
11432,Senuran Muthusamy,ODI,5,4,0,22,0,0.0,0.0,0,0,0,0,0
11432,Senuran Muthusamy,T20,5,5,0,24,0,0.0,0.0,0,0,0,0,1
11432,Senuran Muthusamy,IPL,0,0,0,0,0,0.0,0.0,0,0,0,0,0
18142,Lesego Senokwane,Test,1,1,0,3,0,0.0,0.0,0,0,0,0,0
18142,Lesego Senokwane,ODI,0,0,0,0,0,0.0,0.0,0,0,0,0,0
18142,Lesego Senokwane,T20,0,0,0,0,0,0.0,0.0,0,0,0,0,0
18142,Lesego Senokwane,IPL,0,0,0,0,0,0.0,0.0,0,0,0,0,0
14565,Marco Jansen,Test,18,28,0,506,0,0.0,0.0,0,3,0,0,3
14565,Marco Jansen,ODI,29,24,0,464,0,0.0,0.0,0,1,0,0,2
14565,Marco Jansen,T20,19,14,0,167,0,0.0,0.0,0,1,0,0,2
14565,Marco Jansen,IPL,35,21,0,141,0,0.0,0.0,0,0,0,0,3
11200,Wiaan Mulder,Test,21,34,0,1153,0,0.0,0.0,3,1,0,0,3
11200,Wiaan Mulder,ODI,30,24,0,338,0,0.0,0.0,0,2,0,0,2
11200,Wiaan Mulder,T20,11,8,0,105,0,0.0,0.0,0,0,0,0,1
11200,Wiaan Mulder,IPL,1,1,0,9,0,0.0,0.0,0,0,0,0,0
9576,Corbin Bosch,Test,3,4,0,217,0,0.0,0.0,1,1,0,0,1
9576,Corbin Bosch,ODI,6,5,0,124,0,0.0,0.0,0,0,0,0,0
9576,Corbin Bosch,T20,8,6,0,37,0,0.0,0.0,0,0,0,0,1
9576,Corbin Bosch,IPL,3,2,0,47,0,0.0,0.0,0,0,0,0,0
8530,Prenelan Subrayen,Test,1,0,0,0,0,0.0,0.0,0,0,0,0,0
8530,Prenelan Subrayen,ODI,1,1,0,1,0,0.0,0.0,0,0,0,0,0
8530,Prenelan Subrayen,T20,0,0,0,0,0,0.0,0.0,0,0,0,0,0
8530,Prenelan Subrayen,IPL,0,0,0,0,0,0.0,0.0,0,0,0,0,0
24546,Codi Yusuf,Test,2,2,0,35,0,0.0,0.0,0,0,0,0,0
24546,Codi Yusuf,ODI,1,1,0,5,0,0.0,0.0,0,0,0,0,0
24546,Codi Yusuf,T20,0,0,0,0,0,0.0,0.0,0,0,0,0,0
24546,Codi Yusuf,IPL,0,0,0,0,0,0.0,0.0,0,0,0,0,0
9354,Sikandar Raza,Test,21,41,0,1369,0,0.0,0.0,1,10,0,0,3
9354,Sikandar Raza,ODI,153,144,0,4476,0,0.0,0.0,7,24,0,0,3
9354,Sikandar Raza,T20,112,107,0,2545,0,0.0,0.0,1,15,0,0,8
9354,Sikandar Raza,IPL,9,9,0,182,0,0.0,0.0,0,1,0,0,0
441,Sean Williams,Test,24,47,0,1946,0,0.0,0.0,6,7,0,0,0
441,Sean Williams,ODI,164,159,0,5217,0,0.0,0.0,8,37,0,0,9
441,Sean Williams,T20,84,83,0,1728,0,0.0,0.0,0,11,0,0,7
441,Sean Williams,IPL,0,0,0,0,0,0.0,0.0,0,0,0,0,0
19601,Takudzwanashe Kaitano,Test,6,12,0,258,0,0.0,0.0,0,1,0,0,3
19601,Takudzwanashe Kaitano,ODI,11,11,0,157,0,0.0,0.0,0,0,0,0,2
19601,Takudzwanashe Kaitano,T20,0,0,0,0,0,0.0,0.0,0,0,0,0,0
19601,Takudzwanashe Kaitano,IPL,0,0,0,0,0,0.0,0.0,0,0,0,0,0
23616,Brian Bennett,Test,10,18,0,503,0,0.0,0.0,2,2,0,0,3
23616,Brian Bennett,ODI,11,11,0,348,0,0.0,0.0,1,0,0,0,3
23616,Brian Bennett,T20,42,40,0,1010,0,0.0,0.0,0,6,0,0,4
23616,Brian Bennett,IPL,0,0,0,0,0,0.0,0.0,0,0,0,0,0
11226,Wessly Madhevere,Test,8,15,0,244,0,0.0,0.0,0,1,0,0,6
11226,Wessly Madhevere,ODI,40,37,0,782,0,0.0,0.0,0,6,0,0,1
11226,Wessly Madhevere,T20,79,73,0,1255,0,0.0,0.0,0,7,0,0,7
11226,Wessly Madhevere,IPL,0,0,0,0,0,0.0,0.0,0,0,0,0,0
1450665,Vincent Masekesa,Test,4,8,0,38,0,0.0,0.0,0,0,0,0,0
1450665,Vincent Masekesa,ODI,0,0,0,0,0,0.0,0.0,0,0,0,0,0
1450665,Vincent Masekesa,T20,0,0,0,0,0,0.0,0.0,0,0,0,0,0
1450665,Vincent Masekesa,IPL,0,0,0,0,0,0.0,0.0,0,0,0,0,0
41442,Muhammad Abbas,Test,0,0,0,0,0,0.0,0.0,0,0,0,0,0
41442,Muhammad Abbas,ODI,3,3,0,104,0,0.0,0.0,0,1,0,0,0
41442,Muhammad Abbas,T20,0,0,0,0,0,0.0,0.0,0,0,0,0,0
41442,Muhammad Abbas,IPL,0,0,0,0,0,0.0,0.0,0,0,0,0,0
9551,Michael Bracewell,Test,9,15,0,268,0,0.0,0.0,0,1,0,0,1
9551,Michael Bracewell,ODI,34,29,0,757,0,0.0,0.0,2,2,0,0,1
9551,Michael Bracewell,T20,36,25,0,382,0,0.0,0.0,0,2,0,0,4
9551,Michael Bracewell,IPL,5,4,0,58,0,0.0,0.0,0,0,0,0,0
10713,Daryl Mitchell,Test,33,53,0,2139,0,0.0,0.0,5,15,0,0,1
10713,Daryl Mitchell,ODI,52,47,0,2041,0,0.0,0.0,6,9,0,0,0
10713,Daryl Mitchell,T20,79,74,0,1540,0,0.0,0.0,0,8,0,0,2
10713,Daryl Mitchell,IPL,15,15,0,351,0,0.0,0.0,0,2,0,0,0
10693,Glenn Phillips,Test,15,27,0,728,0,0.0,0.0,0,5,0,0,2
10693,Glenn Phillips,ODI,44,36,0,1112,0,0.0,0.0,1,5,0,0,1
10693,Glenn Phillips,T20,83,74,0,1928,0,0.0,0.0,2,10,0,0,3
10693,Glenn Phillips,IPL,8,8,0,65,0,0.0,0.0,0,0,0,0,1
11177,Rachin Ravindra,Test,17,32,0,1224,0,0.0,0.0,3,4,0,0,1
11177,Rachin Ravindra,ODI,33,29,0,1233,0,0.0,0.0,5,4,0,0,2
11177,Rachin Ravindra,T20,30,28,0,452,0,0.0,0.0,0,3,0,0,2
11177,Rachin Ravindra,IPL,18,18,0,413,0,0.0,0.0,0,2,0,0,2
24391,Zakary Foulkes,Test,1,0,0,0,0,0.0,0.0,0,0,0,0,0
24391,Zakary Foulkes,ODI,1,0,0,0,0,0.0,0.0,0,0,0,0,0
24391,Zakary Foulkes,T20,13,7,0,59,0,0.0,0.0,0,0,0,0,1
24391,Zakary Foulkes,IPL,0,0,0,0,0,0.0,0.0,0,0,0,0,0
10100,Mitchell Santner,Test,32,44,0,1085,0,0.0,0.0,1,4,0,0,3
10100,Mitchell Santner,ODI,118,86,0,1438,0,0.0,0.0,0,3,0,0,3
10100,Mitchell Santner,T20,114,76,0,735,0,0.0,0.0,0,1,0,0,5
10100,Mitchell Santner,IPL,31,19,0,110,0,0.0,0.0,0,0,0,0,1
11170,Nathan Smith,Test,3,5,0,102,0,0.0,0.0,0,0,0,0,0
11170,Nathan Smith,ODI,10,7,0,36,0,0.0,0.0,0,0,0,0,2
11170,Nathan Smith,T20,0,0,0,0,0,0.0,0.0,0,0,0,0,0
11170,Nathan Smith,IPL,0,0,0,0,0,0.0,0.0,0,0,0,0,0
8075,Duncan Allan,Test,0,0,0,0,0,0.0,0.0,0,0,0,0,0
8075,Duncan Allan,ODI,5,5,0,71,0,0.0,0.0,0,0,0,0,0
8075,Duncan Allan,T20,10,10,0,84,0,0.0,0.0,0,0,0,0,0
8075,Duncan Allan,IPL,0,0,0,0,0,0.0,0.0,0,0,0,0,0
550,Collins Obuya,Test,0,0,0,0,0,0.0,0.0,0,0,0,0,0
550,Collins Obuya,ODI,104,89,0,2044,0,0.0,0.0,0,11,0,0,6
550,Collins Obuya,T20,76,71,0,1793,0,0.0,0.0,0,10,0,0,6
550,Collins Obuya,IPL,0,0,0,0,0,0.0,0.0,0,0,0,0,0
1592,Seren Waters,Test,0,0,0,0,0,0.0,0.0,0,0,0,0,0
1592,Seren Waters,ODI,20,20,0,419,0,0.0,0.0,0,2,0,0,2
1592,Seren Waters,T20,0,0,0,0,0,0.0,0.0,0,0,0,0,0
1592,Seren Waters,IPL,0,0,0,0,0,0.0,0.0,0,0,0,0,0
188,Ragheb Aga,Test,0,0,0,0,0,0.0,0.0,0,0,0,0,0
188,Ragheb Aga,ODI,12,9,0,150,0,0.0,0.0,0,1,0,0,1
188,Ragheb Aga,T20,20,18,0,213,0,0.0,0.0,0,1,0,0,0
188,Ragheb Aga,IPL,0,0,0,0,0,0.0,0.0,0,0,0,0,0
6478,Nelson Odhiambo,Test,0,0,0,0,0,0.0,0.0,0,0,0,0,0
6478,Nelson Odhiambo,ODI,10,6,0,56,0,0.0,0.0,0,0,0,0,0
6478,Nelson Odhiambo,T20,65,42,0,538,0,0.0,0.0,0,2,0,0,7
6478,Nelson Odhiambo,IPL,0,0,0,0,0,0.0,0.0,0,0,0,0,0
552,Nehemiah Odhiambo,Test,0,0,0,0,0,0.0,0.0,0,0,0,0,0
552,Nehemiah Odhiambo,ODI,67,53,0,528,0,0.0,0.0,0,1,0,0,9
552,Nehemiah Odhiambo,T20,43,31,0,284,0,0.0,0.0,0,0,0,0,6
552,Nehemiah Odhiambo,IPL,0,0,0,0,0,0.0,0.0,0,0,0,0,0
9356,Emmanuel Bundi,Test,0,0,0,0,0,0.0,0.0,0,0,0,0,0
9356,Emmanuel Bundi,ODI,0,0,0,0,0,0.0,0.0,0,0,0,0,0
9356,Emmanuel Bundi,T20,36,16,0,94,0,0.0,0.0,0,0,0,0,0
9356,Emmanuel Bundi,IPL,0,0,0,0,0,0.0,0.0,0,0,0,0,0
8773,Milind Kumar,Test,0,0,0,0,0,0.0,0.0,0,0,0,0,0
8773,Milind Kumar,ODI,18,17,0,682,0,0.0,0.0,2,4,0,0,2
8773,Milind Kumar,T20,21,17,0,322,0,0.0,0.0,0,1,0,0,1
8773,Milind Kumar,IPL,0,0,0,0,0,0.0,0.0,0,0,0,0,0
54808,Utkarsh Srivastava,Test,0,0,0,0,0,0.0,0.0,0,0,0,0,0
54808,Utkarsh Srivastava,ODI,2,2,0,75,0,0.0,0.0,0,1,0,0,0
54808,Utkarsh Srivastava,T20,2,1,0,9,0,0.0,0.0,0,0,0,0,0
54808,Utkarsh Srivastava,IPL,0,0,0,0,0,0.0,0.0,0,0,0,0,0
22531,Vatsal Vaghela,Test,0,0,0,0,0,0.0,0.0,0,0,0,0,0
22531,Vatsal Vaghela,ODI,0,0,0,0,0,0.0,0.0,0,0,0,0,0
22531,Vatsal Vaghela,T20,3,1,0,29,0,0.0,0.0,0,0,0,0,0
22531,Vatsal Vaghela,IPL,0,0,0,0,0,0.0,0.0,0,0,0,0,0
8426,Harmeet Singh,Test,0,0,0,0,0,0.0,0.0,0,0,0,0,0
8426,Harmeet Singh,ODI,18,14,0,282,0,0.0,0.0,0,2,0,0,0
8426,Harmeet Singh,T20,25,17,0,235,0,0.0,0.0,0,0,0,0,3
8426,Harmeet Singh,IPL,1,0,0,0,0,0.0,0.0,0,0,0,0,0
20241,Sanjay Krishnamurthi,Test,0,0,0,0,0,0.0,0.0,0,0,0,0,0
20241,Sanjay Krishnamurthi,ODI,14,13,0,255,0,0.0,0.0,0,1,0,0,3
20241,Sanjay Krishnamurthi,T20,9,5,0,90,0,0.0,0.0,0,0,0,0,0
20241,Sanjay Krishnamurthi,IPL,0,0,0,0,0,0.0,0.0,0,0,0,0,0
2245,Shadley van Schalkwyk,Test,0,0,0,0,0,0.0,0.0,0,0,0,0,0
2245,Shadley van Schalkwyk,ODI,13,10,0,167,0,0.0,0.0,0,1,0,0,1
2245,Shadley van Schalkwyk,T20,14,11,0,104,0,0.0,0.0,0,0,0,0,1
2245,Shadley van Schalkwyk,IPL,0,0,0,0,0,0.0,0.0,0,0,0,0,0
1428543,Juanoy Drysdale,Test,0,0,0,0,0,0.0,0.0,0,0,0,0,0
1428543,Juanoy Drysdale,ODI,4,2,0,2,0,0.0,0.0,0,0,0,0,0
1428543,Juanoy Drysdale,T20,11,3,0,5,0,0.0,0.0,0,0,0,0,1
1428543,Juanoy Drysdale,IPL,0,0,0,0,0,0.0,0.0,0,0,0,0,0
1398,Richie Berrington,Test,0,0,0,0,0,0.0,0.0,0,0,0,0,0
1398,Richie Berrington,ODI,132,125,0,3600,0,0.0,0.0,6,21,0,0,7
1398,Richie Berrington,T20,101,93,0,2334,0,0.0,0.0,1,10,0,0,10
1398,Richie Berrington,IPL,0,0,0,0,0,0.0,0.0,0,0,0,0,0
1416,Calum MacLeod,Test,0,0,0,0,0,0.0,0.0,0,0,0,0,0
1416,Calum MacLeod,ODI,87,86,0,3024,0,0.0,0.0,10,13,0,0,9
1416,Calum MacLeod,T20,64,61,0,1239,0,0.0,0.0,0,7,0,0,8
1416,Calum MacLeod,IPL,0,0,0,0,0,0.0,0.0,0,0,0,0,0
9383,Michael Leask,Test,0,0,0,0,0,0.0,0.0,0,0,0,0,0
9383,Michael Leask,ODI,91,72,0,1547,0,0.0,0.0,1,8,0,0,5
9383,Michael Leask,T20,73,61,0,870,0,0.0,0.0,0,1,0,0,4
9383,Michael Leask,IPL,0,0,0,0,0,0.0,0.0,0,0,0,0,0
3053,Alasdair Evans,Test,0,0,0,0,0,0.0,0.0,0,0,0,0,0
3053,Alasdair Evans,ODI,41,19,0,100,0,0.0,0.0,0,0,0,0,3
3053,Alasdair Evans,T20,35,10,0,10,0,0.0,0.0,0,0,0,0,6
3053,Alasdair Evans,IPL,0,0,0,0,0,0.0,0.0,0,0,0,0,0
12771,Tom Sole,Test,0,0,0,0,0,0.0,0.0,0,0,0,0,0
12771,Tom Sole,ODI,10,7,0,46,0,0.0,0.0,0,0,0,0,0
12771,Tom Sole,T20,9,6,0,69,0,0.0,0.0,0,0,0,0,0
12771,Tom Sole,IPL,0,0,0,0,0,0.0,0.0,0,0,0,0,0
